match,seed,winner,t,v2_production,v1_production,production_diff,v2_ship_count,v1_ship_count,ship_count_diff,v2_planets,v1_planets
1,0,v2,0,1,1,0,10,10,0,1,1
1,0,v2,1,1,1,0,11,11,0,1,1
1,0,v2,2,1,1,0,12,12,0,1,1
1,0,v2,3,1,1,0,3,13,-10,1,1
1,0,v2,4,1,1,0,4,14,-10,1,1
1,0,v2,5,1,1,0,5,15,-10,1,1
1,0,v2,6,1,1,0,6,16,-10,1,1
1,0,v2,7,1,1,0,7,17,-10,1,1
1,0,v2,8,1,1,0,8,18,-10,1,1
1,0,v2,9,1,1,0,9,19,-10,1,1
1,0,v2,10,1,1,0,10,20,-10,1,1
1,0,v2,11,1,1,0,11,21,-10,1,1
1,0,v2,12,1,1,0,12,22,-10,1,1
1,0,v2,13,1,1,0,13,23,-10,1,1
1,0,v2,14,1,1,0,14,24,-10,1,1
1,0,v2,15,1,1,0,15,25,-10,1,1
1,0,v2,16,1,1,0,16,26,-10,1,1
1,0,v2,17,1,2,-1,17,19,-2,1,2
1,0,v2,18,1,2,-1,18,21,-3,1,2
1,0,v2,19,1,2,-1,19,23,-4,1,2
1,0,v2,20,1,2,-1,20,25,-5,1,2
1,0,v2,21,1,2,-1,21,27,-6,1,2
1,0,v2,22,1,2,-1,22,29,-7,1,2
1,0,v2,23,4,2,2,13,31,-18,2,2
1,0,v2,24,5,2,3,9,33,-24,3,2
1,0,v2,25,5,3,2,14,26,-12,3,3
1,0,v2,26,5,3,2,19,29,-10,3,3
1,0,v2,27,5,3,2,24,32,-8,3,3
1,0,v2,28,5,3,2,29,35,-6,3,3
1,0,v2,29,5,3,2,34,38,-4,3,3
1,0,v2,30,5,3,2,39,41,-2,3,3
1,0,v2,31,5,3,2,44,44,0,3,3
1,0,v2,32,5,3,2,49,47,2,3,3
1,0,v2,33,5,3,2,54,50,4,3,3
1,0,v2,34,5,3,2,59,53,6,3,3
1,0,v2,35,5,3,2,60,56,4,3,3
1,0,v2,36,5,3,2,64,59,5,3,3
1,0,v2,37,5,3,2,66,62,4,3,3
1,0,v2,38,5,3,2,71,65,6,3,3
1,0,v2,39,5,3,2,76,68,8,3,3
1,0,v2,40,5,3,2,64,71,-7,3,3
1,0,v2,41,5,3,2,66,74,-8,3,3
1,0,v2,42,5,3,2,62,77,-15,3,3
1,0,v2,43,8,3,5,54,80,-26,4,3
1,0,v2,44,8,3,5,62,83,-21,4,3
1,0,v2,45,8,4,4,70,77,-7,4,4
1,0,v2,46,8,4,4,75,81,-6,4,4
1,0,v2,47,9,4,5,75,85,-10,5,4
1,0,v2,48,9,4,5,83,89,-6,5,4
1,0,v2,49,9,4,5,89,93,-4,5,4
1,0,v2,50,9,4,5,82,97,-15,5,4
1,0,v2,51,9,5,4,91,92,-1,5,5
1,0,v2,52,9,5,4,86,97,-11,5,5
1,0,v2,53,9,5,4,92,102,-10,5,5
1,0,v2,54,9,5,4,101,107,-6,5,5
1,0,v2,55,9,5,4,101,103,-2,5,5
1,0,v2,56,9,5,4,110,108,2,5,5
1,0,v2,57,9,5,4,119,113,6,5,5
1,0,v2,58,9,5,4,128,118,10,5,5
1,0,v2,59,9,5,4,137,123,14,5,5
1,0,v2,60,9,5,4,146,128,18,5,5
1,0,v2,61,9,5,4,155,133,22,5,5
1,0,v2,62,9,5,4,164,138,26,5,5
1,0,v2,63,9,5,4,173,143,30,5,5
1,0,v2,64,8,6,2,163,129,34,4,6
1,0,v2,65,8,7,1,171,129,42,4,7
1,0,v2,66,8,7,1,179,136,43,4,7
1,0,v2,67,8,7,1,187,143,44,4,7
1,0,v2,68,8,7,1,174,148,26,4,7
1,0,v2,69,8,10,-2,182,154,28,4,8
1,0,v2,70,8,10,-2,190,164,26,4,8
1,0,v2,71,8,10,-2,198,174,24,4,8
1,0,v2,72,8,10,-2,206,184,22,4,8
1,0,v2,73,8,11,-3,214,180,34,4,9
1,0,v2,74,8,12,-4,222,177,45,4,10
1,0,v2,75,12,12,0,202,189,13,5,10
1,0,v2,76,12,12,0,214,201,13,5,10
1,0,v2,77,12,12,0,226,213,13,5,10
1,0,v2,78,12,12,0,238,225,13,5,10
1,0,v2,79,12,12,0,250,237,13,5,10
1,0,v2,80,12,12,0,262,249,13,5,10
1,0,v2,81,12,12,0,274,261,13,5,10
1,0,v2,82,12,12,0,286,273,13,5,10
1,0,v2,83,12,12,0,298,285,13,5,10
1,0,v2,84,12,12,0,310,261,49,5,10
1,0,v2,85,12,12,0,322,273,49,5,10
1,0,v2,86,12,12,0,334,285,49,5,10
1,0,v2,87,12,12,0,346,297,49,5,10
1,0,v2,88,12,12,0,358,309,49,5,10
1,0,v2,89,12,12,0,370,321,49,5,10
1,0,v2,90,12,12,0,382,333,49,5,10
1,0,v2,91,12,13,-1,394,331,63,5,11
1,0,v2,92,12,13,-1,406,344,62,5,11
1,0,v2,93,12,13,-1,418,357,61,5,11
1,0,v2,94,12,14,-2,430,342,88,5,12
1,0,v2,95,12,18,-6,442,332,110,5,13
1,0,v2,96,12,18,-6,454,350,104,5,13
1,0,v2,97,12,18,-6,466,368,98,5,13
1,0,v2,98,12,19,-7,478,366,112,5,14
1,0,v2,99,12,19,-7,490,385,105,5,14
1,0,v2,100,12,19,-7,502,404,98,5,14
1,0,v2,101,12,19,-7,514,423,91,5,14
1,0,v2,102,12,22,-10,526,422,104,5,15
1,0,v2,103,12,22,-10,538,444,94,5,15
1,0,v2,104,12,22,-10,550,466,84,5,15
1,0,v2,105,12,22,-10,562,488,74,5,15
1,0,v2,106,14,20,-6,541,477,64,7,13
1,0,v2,107,14,20,-6,555,497,58,7,13
1,0,v2,108,14,20,-6,569,517,52,7,13
1,0,v2,109,14,20,-6,583,537,46,7,13
1,0,v2,110,18,20,-2,552,557,-5,8,13
1,0,v2,111,18,20,-2,570,577,-7,8,13
1,0,v2,112,18,20,-2,588,597,-9,8,13
1,0,v2,113,18,20,-2,606,617,-11,8,13
1,0,v2,114,17,21,-4,615,628,-13,7,14
1,0,v2,115,17,21,-4,632,649,-17,7,14
1,0,v2,116,17,21,-4,649,670,-21,7,14
1,0,v2,117,17,21,-4,666,691,-25,7,14
1,0,v2,118,17,21,-4,683,712,-29,7,14
1,0,v2,119,17,22,-5,700,705,-5,7,15
1,0,v2,120,17,22,-5,717,727,-10,7,15
1,0,v2,121,17,22,-5,734,749,-15,7,15
1,0,v2,122,17,22,-5,751,771,-20,7,15
1,0,v2,123,17,22,-5,768,793,-25,7,15
1,0,v2,124,17,23,-6,785,801,-16,7,16
1,0,v2,125,17,23,-6,802,824,-22,7,16
1,0,v2,126,17,23,-6,819,847,-28,7,16
1,0,v2,127,17,23,-6,836,870,-34,7,16
1,0,v2,128,17,23,-6,853,893,-40,7,16
1,0,v2,129,17,23,-6,870,916,-46,7,16
1,0,v2,130,17,23,-6,887,939,-52,7,16
1,0,v2,131,17,23,-6,904,962,-58,7,16
1,0,v2,132,17,23,-6,921,985,-64,7,16
1,0,v2,133,18,22,-4,918,988,-70,8,15
1,0,v2,134,17,23,-6,907,981,-74,7,16
1,0,v2,135,17,23,-6,924,1004,-80,7,16
1,0,v2,136,17,24,-7,941,984,-43,7,17
1,0,v2,137,17,25,-8,958,965,-7,7,18
1,0,v2,138,17,25,-8,975,990,-15,7,18
1,0,v2,139,17,25,-8,992,1015,-23,7,18
1,0,v2,140,17,25,-8,1009,1040,-31,7,18
1,0,v2,141,17,26,-9,1026,1022,4,7,19
1,0,v2,142,16,27,-11,1033,1038,-5,6,20
1,0,v2,143,16,27,-11,1049,1065,-16,6,20
1,0,v2,144,16,27,-11,1065,1092,-27,6,20
1,0,v2,145,16,27,-11,1081,1119,-38,6,20
1,0,v2,146,16,27,-11,1097,1146,-49,6,20
1,0,v2,147,21,22,-1,1039,1099,-60,8,18
1,0,v2,148,23,20,3,1025,1086,-61,10,16
1,0,v2,149,27,20,7,1003,1106,-103,11,16
1,0,v2,150,27,20,7,1030,1126,-96,11,16
1,0,v2,151,27,20,7,1057,1146,-89,11,16
1,0,v2,152,27,20,7,1084,1166,-82,11,16
1,0,v2,153,26,21,5,1105,1180,-75,10,17
1,0,v2,154,26,21,5,1131,1201,-70,10,17
1,0,v2,155,26,21,5,1157,1222,-65,10,17
1,0,v2,156,26,21,5,1183,1243,-60,10,17
1,0,v2,157,26,21,5,1209,1264,-55,10,17
1,0,v2,158,26,21,5,1235,1285,-50,10,17
1,0,v2,159,22,25,-3,1220,1265,-45,9,18
1,0,v2,160,22,25,-3,1242,1290,-48,9,18
1,0,v2,161,22,25,-3,1264,1315,-51,9,18
1,0,v2,162,22,25,-3,1286,1340,-54,9,18
1,0,v2,163,22,25,-3,1308,1365,-57,9,18
1,0,v2,164,22,25,-3,1330,1390,-60,9,18
1,0,v2,165,22,25,-3,1352,1415,-63,9,18
1,0,v2,166,22,25,-3,1374,1440,-66,9,18
1,0,v2,167,22,25,-3,1396,1465,-69,9,18
1,0,v2,168,22,25,-3,1418,1490,-72,9,18
1,0,v2,169,22,25,-3,1440,1515,-75,9,18
1,0,v2,170,21,26,-5,1439,1517,-78,8,19
1,0,v2,171,21,26,-5,1460,1543,-83,8,19
1,0,v2,172,21,26,-5,1481,1569,-88,8,19
1,0,v2,173,21,26,-5,1502,1595,-93,8,19
1,0,v2,174,21,26,-5,1523,1621,-98,8,19
1,0,v2,175,21,26,-5,1544,1603,-59,8,19
1,0,v2,176,21,26,-5,1565,1629,-64,8,19
1,0,v2,177,21,26,-5,1586,1655,-69,8,19
1,0,v2,178,21,26,-5,1607,1681,-74,8,19
1,0,v2,179,21,26,-5,1628,1707,-79,8,19
1,0,v2,180,21,26,-5,1649,1733,-84,8,19
1,0,v2,181,21,26,-5,1670,1759,-89,8,19
1,0,v2,182,21,26,-5,1691,1785,-94,8,19
1,0,v2,183,21,26,-5,1712,1811,-99,8,19
1,0,v2,184,21,26,-5,1733,1837,-104,8,19
1,0,v2,185,21,26,-5,1754,1863,-109,8,19
1,0,v2,186,21,26,-5,1775,1889,-114,8,19
1,0,v2,187,21,26,-5,1796,1915,-119,8,19
1,0,v2,188,21,26,-5,1817,1941,-124,8,19
1,0,v2,189,21,26,-5,1838,1967,-129,8,19
1,0,v2,190,21,26,-5,1859,1993,-134,8,19
1,0,v2,191,21,26,-5,1880,2019,-139,8,19
1,0,v2,192,21,26,-5,1901,2045,-144,8,19
1,0,v2,193,21,26,-5,1922,2071,-149,8,19
1,0,v2,194,21,26,-5,1943,2097,-154,8,19
1,0,v2,195,21,26,-5,1964,2123,-159,8,19
1,0,v2,196,21,26,-5,1985,2149,-164,8,19
1,0,v2,197,21,26,-5,2006,2175,-169,8,19
1,0,v2,198,21,26,-5,2027,2201,-174,8,19
1,0,v2,199,21,26,-5,2048,2227,-179,8,19
1,0,v2,200,21,27,-6,2069,2168,-99,8,20
1,0,v2,201,21,27,-6,2090,2195,-105,8,20
1,0,v2,202,21,28,-7,2111,2179,-68,8,21
1,0,v2,203,21,28,-7,2132,2207,-75,8,21
1,0,v2,204,22,27,-5,2099,2181,-82,9,20
1,0,v2,205,22,27,-5,2121,2208,-87,9,20
1,0,v2,206,23,26,-3,2118,2210,-92,10,19
1,0,v2,207,24,25,-1,2130,2225,-95,11,18
1,0,v2,208,24,25,-1,2154,2250,-96,11,18
1,0,v2,209,23,26,-3,2156,2253,-97,10,19
1,0,v2,210,24,25,-1,2168,2268,-100,11,18
1,0,v2,211,23,26,-3,2135,2236,-101,10,19
1,0,v2,212,23,26,-3,2156,2260,-104,10,19
1,0,v2,213,23,26,-3,2179,2286,-107,10,19
1,0,v2,214,24,25,-1,2191,2301,-110,11,18
1,0,v2,215,23,26,-3,2199,2310,-111,10,19
1,0,v2,216,23,26,-3,2214,2328,-114,10,19
1,0,v2,217,23,26,-3,2189,2306,-117,10,19
1,0,v2,218,23,26,-3,2211,2331,-120,10,19
1,0,v2,219,27,22,5,2195,2318,-123,11,18
1,0,v2,220,27,23,4,2222,2255,-33,11,19
1,0,v2,221,27,23,4,2244,2273,-29,11,19
1,0,v2,222,27,23,4,2271,2296,-25,11,19
1,0,v2,223,27,23,4,2298,2319,-21,11,19
1,0,v2,224,27,23,4,2325,2342,-17,11,19
1,0,v2,225,27,23,4,2348,2361,-13,11,19
1,0,v2,226,27,23,4,2375,2384,-9,11,19
1,0,v2,227,27,23,4,2402,2407,-5,11,19
1,0,v2,228,27,23,4,2429,2430,-1,11,19
1,0,v2,229,26,24,2,2411,2408,3,10,20
1,0,v2,230,26,24,2,2437,2432,5,10,20
1,0,v2,231,26,25,1,2463,2374,89,10,21
1,0,v2,232,26,25,1,2489,2399,90,10,21
1,0,v2,233,26,25,1,2515,2424,91,10,21
1,0,v2,234,26,25,1,2541,2449,92,10,21
1,0,v2,235,26,25,1,2567,2474,93,10,21
1,0,v2,236,25,26,-1,2573,2479,94,9,22
1,0,v2,237,25,26,-1,2598,2505,93,9,22
1,0,v2,238,25,26,-1,2623,2531,92,9,22
1,0,v2,239,25,26,-1,2648,2557,91,9,22
1,0,v2,240,25,26,-1,2673,2583,90,9,22
1,0,v2,241,26,25,1,2660,2571,89,10,21
1,0,v2,242,26,25,1,2686,2596,90,10,21
1,0,v2,243,25,26,-1,2709,2618,91,9,22
1,0,v2,244,26,25,1,2665,2575,90,10,21
1,0,v2,245,27,24,3,2654,2563,91,11,20
1,0,v2,246,27,24,3,2681,2587,94,11,20
1,0,v2,247,27,24,3,2706,2609,97,11,20
1,0,v2,248,27,24,3,2733,2633,100,11,20
1,0,v2,249,27,24,3,2760,2657,103,11,20
1,0,v2,250,27,24,3,2786,2680,106,11,20
1,0,v2,251,27,24,3,2813,2704,109,11,20
1,0,v2,252,27,24,3,2840,2728,112,11,20
1,0,v2,253,27,24,3,2867,2752,115,11,20
1,0,v2,254,25,27,-2,2870,2667,203,9,23
1,0,v2,255,25,27,-2,2895,2694,201,9,23
1,0,v2,256,25,27,-2,2920,2721,199,9,23
1,0,v2,257,25,27,-2,2945,2748,197,9,23
1,0,v2,258,24,28,-4,2955,2760,195,8,24
1,0,v2,259,24,28,-4,2979,2788,191,8,24
1,0,v2,260,24,28,-4,3003,2816,187,8,24
1,0,v2,261,24,28,-4,3027,2844,183,8,24
1,0,v2,262,24,28,-4,3051,2872,179,8,24
1,0,v2,263,24,28,-4,3075,2900,175,8,24
1,0,v2,264,24,28,-4,3099,2928,171,8,24
1,0,v2,265,25,27,-2,3111,2944,167,9,23
1,0,v2,266,25,27,-2,3136,2971,165,9,23
1,0,v2,267,27,25,2,3118,2955,163,11,21
1,0,v2,268,27,25,2,3145,2980,165,11,21
1,0,v2,269,28,24,4,3131,2964,167,12,20
1,0,v2,270,29,23,6,3137,2966,171,13,19
1,0,v2,271,30,22,8,3144,2967,177,14,18
1,0,v2,272,31,21,10,3139,2954,185,15,17
1,0,v2,273,30,22,8,3161,2966,195,14,18
1,0,v2,274,30,22,8,3191,2988,203,14,18
1,0,v2,275,29,23,6,3214,3003,211,13,19
1,0,v2,276,29,23,6,3243,3026,217,13,19
1,0,v2,277,29,23,6,3272,3049,223,13,19
1,0,v2,278,29,23,6,3301,3072,229,13,19
1,0,v2,279,29,23,6,3330,3095,235,13,19
1,0,v2,280,27,25,2,3331,3090,241,11,21
1,0,v2,281,27,25,2,3358,3115,243,11,21
1,0,v2,282,27,25,2,3364,3119,245,11,21
1,0,v2,283,27,25,2,3391,3144,247,11,21
1,0,v2,284,26,26,0,3417,3168,249,10,22
1,0,v2,285,27,25,2,3421,3172,249,11,21
1,0,v2,286,26,26,0,3442,3191,251,10,22
1,0,v2,287,27,25,2,3427,3176,251,11,21
1,0,v2,288,27,25,2,3454,3201,253,11,21
1,0,v2,289,27,25,2,3481,3226,255,11,21
1,0,v2,290,27,25,2,3505,3248,257,11,21
1,0,v2,291,27,25,2,3532,3273,259,11,21
1,0,v2,292,27,25,2,3559,3298,261,11,21
1,0,v2,293,26,26,0,3576,3313,263,10,22
1,0,v2,294,26,26,0,3602,3339,263,10,22
1,0,v2,295,25,27,-2,3617,3354,263,9,23
1,0,v2,296,24,28,-4,3641,3380,261,8,24
1,0,v2,297,24,28,-4,3665,3408,257,8,24
1,0,v2,298,20,32,-12,3455,3202,253,7,25
1,0,v2,299,20,32,-12,3475,3234,241,7,25
1,0,v2,300,23,29,-6,3379,3150,229,10,22
1,0,v2,301,26,26,0,3219,2996,223,13,19
1,0,v2,302,26,26,0,3245,3022,223,13,19
1,0,v2,303,28,24,4,3188,2965,223,15,17
1,0,v2,304,30,22,8,3165,2938,227,17,15
1,0,v2,305,29,23,6,3193,2958,235,16,16
1,0,v2,306,28,24,4,3219,2978,241,15,17
1,0,v2,307,28,24,4,3246,3001,245,15,17
1,0,v2,308,31,21,10,3212,2963,249,15,17
1,0,v2,309,31,21,10,3243,2984,259,15,17
1,0,v2,310,31,21,10,3270,3001,269,15,17
1,0,v2,311,30,22,8,3285,3006,279,14,18
1,0,v2,312,31,21,10,3307,3020,287,15,17
1,0,v2,313,31,21,10,3317,3020,297,15,17
1,0,v2,314,31,21,10,3319,3012,307,15,17
1,0,v2,315,29,23,6,3326,3009,317,13,19
1,0,v2,316,24,28,-4,3215,2892,323,11,21
1,0,v2,317,23,29,-6,3176,2857,319,10,22
1,0,v2,318,23,29,-6,3199,2886,313,10,22
1,0,v2,319,19,33,-14,2763,2456,307,9,23
1,0,v2,320,18,34,-16,2759,2466,293,8,24
1,0,v2,321,18,34,-16,2774,2497,277,8,24
1,0,v2,322,17,35,-18,2791,2530,261,7,25
1,0,v2,323,17,35,-18,2807,2564,243,7,25
1,0,v2,324,17,35,-18,2824,2599,225,7,25
1,0,v2,325,18,34,-16,2774,2567,207,8,24
1,0,v2,326,18,34,-16,2709,2518,191,8,24
1,0,v2,327,19,33,-14,2707,2532,175,9,23
1,0,v2,328,20,32,-12,2695,2534,161,10,22
1,0,v2,329,20,32,-12,2715,2566,149,10,22
1,0,v2,330,22,30,-8,2690,2553,137,12,20
1,0,v2,331,27,25,2,2585,2456,129,15,17
1,0,v2,332,27,25,2,2612,2481,131,15,17
1,0,v2,333,27,25,2,2638,2505,133,15,17
1,0,v2,334,27,25,2,2665,2530,135,15,17
1,0,v2,335,31,21,10,2660,2523,137,16,16
1,0,v2,336,32,20,12,2665,2518,147,17,15
1,0,v2,337,30,22,8,2676,2517,159,15,17
1,0,v2,338,30,22,8,2706,2539,167,15,17
1,0,v2,339,30,22,8,2736,2561,175,15,17
1,0,v2,340,29,23,6,2756,2573,183,14,18
1,0,v2,341,25,27,-2,2723,2534,189,13,19
1,0,v2,342,26,26,0,2739,2552,187,14,18
1,0,v2,343,29,23,6,2634,2447,187,14,18
1,0,v2,344,28,24,4,2632,2439,193,13,19
1,0,v2,345,28,24,4,2637,2440,197,13,19
1,0,v2,346,28,24,4,2650,2449,201,13,19
1,0,v2,347,28,24,4,2646,2441,205,13,19
1,0,v2,348,32,20,12,2651,2442,209,14,18
1,0,v2,349,32,20,12,2683,2462,221,14,18
1,0,v2,350,35,17,18,2674,2441,233,17,15
1,0,v2,351,35,18,17,2697,2456,241,17,16
1,0,v2,352,34,19,15,2727,2469,258,16,17
1,0,v2,353,36,18,18,2737,2455,282,18,16
1,0,v2,354,36,18,18,2772,2472,300,18,16
1,0,v2,355,38,16,22,2777,2459,318,20,14
1,0,v2,356,37,17,20,2800,2460,340,19,15
1,0,v2,357,37,17,20,2835,2475,360,19,15
1,0,v2,358,37,17,20,2871,2491,380,19,15
1,0,v2,359,35,19,16,2889,2489,400,17,17
1,0,v2,360,26,28,-2,2762,2346,416,14,20
1,0,v2,361,26,28,-2,2787,2373,414,14,20
1,0,v2,362,24,30,-6,2790,2378,412,12,22
1,0,v2,363,23,31,-8,2800,2394,406,11,23
1,0,v2,364,23,31,-8,2822,2424,398,11,23
1,0,v2,365,22,32,-10,2828,2438,390,10,24
1,0,v2,366,21,33,-12,2849,2469,380,9,25
1,0,v2,367,21,33,-12,2869,2501,368,9,25
1,0,v2,368,25,29,-4,2874,2518,356,10,24
1,0,v2,369,27,27,0,2814,2462,352,12,22
1,0,v2,370,27,27,0,2816,2464,352,12,22
1,0,v2,371,29,25,4,2811,2459,352,14,20
1,0,v2,372,36,18,18,2744,2388,356,19,15
1,0,v2,373,41,13,28,2685,2311,374,21,13
1,0,v2,374,40,14,26,2582,2180,402,22,12
1,0,v2,375,38,16,22,2611,2183,428,20,14
1,0,v2,376,40,14,26,2623,2173,450,20,14
1,0,v2,377,33,21,12,2480,2004,476,16,18
1,0,v2,378,32,22,10,2475,1987,488,15,19
1,0,v2,379,32,22,10,2496,1998,498,15,19
1,0,v2,380,31,23,8,2508,2000,508,14,20
1,0,v2,381,32,22,10,2520,2004,516,15,19
1,0,v2,382,32,20,12,2540,1852,688,15,17
1,0,v2,383,35,17,18,2518,1818,700,15,17
1,0,v2,384,32,20,12,2522,1804,718,14,18
1,0,v2,385,32,20,12,2554,1824,730,14,18
1,0,v2,386,34,18,16,2567,1825,742,14,18
1,0,v2,387,32,20,12,2450,1692,758,14,18
1,0,v2,388,28,24,4,2465,1695,770,13,19
1,0,v2,389,22,30,-8,2281,1507,774,11,21
1,0,v2,390,22,30,-8,2293,1527,766,11,21
1,0,v2,391,22,30,-8,2305,1547,758,11,21
1,0,v2,392,21,31,-10,2281,1531,750,10,22
1,0,v2,393,20,32,-12,2300,1560,740,9,23
1,0,v2,394,17,35,-18,2090,1362,728,9,23
1,0,v2,395,15,37,-22,2105,1395,710,7,25
1,0,v2,396,14,38,-24,2099,1411,688,6,26
1,0,v2,397,14,38,-24,2056,1392,664,6,26
1,0,v2,398,20,32,-12,1996,1356,640,10,22
1,0,v2,399,21,31,-10,1982,1354,628,11,21
1,0,v2,400,22,30,-8,1985,1367,618,12,20
1,0,v2,401,18,34,-16,1991,1381,610,10,22
1,0,v2,402,22,30,-8,1894,1300,594,12,20
1,0,v2,403,25,27,-2,1822,1236,586,13,19
1,0,v2,404,33,19,14,1731,1147,584,15,17
1,0,v2,405,34,18,16,1744,1146,598,16,16
1,0,v2,406,36,16,20,1761,1147,614,16,16
1,0,v2,407,36,16,20,1775,1141,634,16,16
1,0,v2,408,34,18,16,1789,1135,654,16,16
1,0,v2,409,35,17,18,1797,1127,670,17,15
1,0,v2,410,35,17,18,1801,1113,688,17,15
1,0,v2,411,36,16,20,1803,1097,706,18,14
1,0,v2,412,29,23,6,1804,1078,726,16,16
1,0,v2,413,35,17,18,1800,1068,732,18,14
1,0,v2,414,35,17,18,1820,1070,750,18,14
1,0,v2,415,32,20,12,1821,1053,768,17,15
1,0,v2,416,32,20,12,1833,1053,780,17,15
1,0,v2,417,31,21,10,1834,1042,792,16,16
1,0,v2,418,36,16,20,1818,1016,802,18,14
1,0,v2,419,31,21,10,1766,944,822,15,17
1,0,v2,420,34,18,16,1769,937,832,16,16
1,0,v2,421,34,18,16,1774,926,848,16,16
1,0,v2,422,31,21,10,1774,910,864,15,17
1,0,v2,423,29,23,6,1755,881,874,13,19
1,0,v2,424,30,22,8,1754,874,880,14,18
1,0,v2,425,21,31,-10,1636,748,888,11,21
1,0,v2,426,20,32,-12,1650,772,878,10,22
1,0,v2,427,21,31,-10,1645,779,866,11,21
1,0,v2,428,22,30,-8,1658,802,856,12,20
1,0,v2,429,24,28,-4,1629,781,848,14,18
1,0,v2,430,25,27,-2,1625,781,844,15,17
1,0,v2,431,23,29,-6,1645,803,842,13,19
1,0,v2,432,22,30,-8,1654,818,836,12,20
1,0,v2,433,22,30,-8,1664,836,828,12,20
1,0,v2,434,20,32,-12,1621,801,820,12,20
1,0,v2,435,24,28,-4,1593,785,808,14,18
1,0,v2,436,24,28,-4,1610,806,804,14,18
1,0,v2,437,25,27,-2,1626,826,800,15,17
1,0,v2,438,24,28,-4,1604,806,798,14,18
1,0,v2,439,23,29,-6,1596,802,794,13,19
1,0,v2,440,26,26,0,1588,800,788,14,18
1,0,v2,441,27,25,2,1583,795,788,15,17
1,0,v2,442,24,28,-4,1593,803,790,12,20
1,0,v2,443,22,30,-8,1612,826,786,10,22
1,0,v2,444,20,32,-12,1624,846,778,10,22
1,0,v2,445,22,30,-8,1621,855,766,12,20
1,0,v2,446,23,29,-6,1620,862,758,13,19
1,0,v2,447,23,29,-6,1581,829,752,13,19
1,0,v2,448,24,28,-4,1588,842,746,14,18
1,0,v2,449,26,26,0,1533,791,742,16,16
1,0,v2,450,27,25,2,1551,809,742,17,15
1,0,v2,451,27,25,2,1492,748,744,14,18
1,0,v2,452,26,26,0,1466,720,746,13,19
1,0,v2,453,26,26,0,1491,745,746,13,19
1,0,v2,454,27,25,2,1430,684,746,14,18
1,0,v2,455,26,26,0,1455,707,748,13,19
1,0,v2,456,28,24,4,1441,693,748,15,17
1,0,v2,457,27,25,2,1465,713,752,14,18
1,0,v2,458,26,26,0,1479,725,754,13,19
1,0,v2,459,24,28,-4,1475,721,754,13,19
1,0,v2,460,24,28,-4,1447,697,750,13,19
1,0,v2,461,24,28,-4,1455,709,746,13,19
1,0,v2,462,27,25,2,1388,646,742,13,19
1,0,v2,463,28,24,4,1390,646,744,14,18
1,0,v2,464,27,25,2,1415,667,748,13,19
1,0,v2,465,29,23,6,1406,656,750,15,17
1,0,v2,466,27,25,2,1359,603,756,14,18
1,0,v2,467,30,22,8,1296,538,758,15,17
1,0,v2,468,29,23,6,1282,516,766,16,16
1,0,v2,469,28,24,4,1272,500,772,15,17
1,0,v2,470,29,23,6,1288,512,776,16,16
1,0,v2,471,27,25,2,1313,531,782,14,18
1,0,v2,472,28,24,4,1300,516,784,13,19
1,0,v2,473,21,31,-10,1260,472,788,10,22
1,0,v2,474,21,31,-10,1254,476,778,10,22
1,0,v2,475,17,35,-18,1251,483,768,9,23
1,0,v2,476,18,34,-16,1252,502,750,10,22
1,0,v2,477,25,27,-2,1149,415,734,15,17
1,0,v2,478,27,25,2,1133,401,732,17,15
1,0,v2,479,31,21,10,1134,400,734,19,13
1,0,v2,480,34,18,16,1148,405,743,20,12
1,0,v2,481,31,21,10,1146,387,759,19,13
1,0,v2,482,31,21,10,1143,374,769,19,13
1,0,v2,483,30,22,8,1125,346,779,18,14
1,0,v2,484,32,20,12,1106,319,787,19,13
1,0,v2,485,32,20,12,1088,289,799,19,13
1,0,v2,486,37,15,22,1058,247,811,22,10
1,0,v2,487,42,10,32,1071,238,833,24,8
1,0,v2,488,37,15,22,1069,204,865,21,11
1,0,v2,489,38,14,24,1085,198,887,22,10
1,0,v2,490,39,13,26,1101,190,911,23,9
1,0,v2,491,39,13,26,1131,194,937,23,9
1,0,v2,492,39,13,26,1154,191,963,23,9
1,0,v2,493,38,14,24,1132,143,989,22,10
1,0,v2,494,39,13,26,1109,96,1013,23,9
1,0,v2,495,39,13,26,1145,106,1039,23,9
1,0,v2,496,41,11,30,1164,99,1065,25,7
1,0,v2,497,41,11,30,1197,102,1095,25,7
1,0,v2,498,43,9,34,1212,87,1125,27,5
1,0,v2,499,47,5,42,1200,41,1159,29,3
2,1,v2,0,3,3,0,10,10,0,1,1
2,1,v2,1,3,3,0,13,13,0,1,1
2,1,v2,2,3,3,0,16,16,0,1,1
2,1,v2,3,3,3,0,19,19,0,1,1
2,1,v2,4,3,3,0,22,22,0,1,1
2,1,v2,5,3,3,0,25,25,0,1,1
2,1,v2,6,3,3,0,28,28,0,1,1
2,1,v2,7,3,3,0,31,31,0,1,1
2,1,v2,8,3,3,0,34,34,0,1,1
2,1,v2,9,3,3,0,37,37,0,1,1
2,1,v2,10,3,3,0,40,40,0,1,1
2,1,v2,11,3,3,0,43,43,0,1,1
2,1,v2,12,3,3,0,36,46,-10,1,1
2,1,v2,13,3,3,0,39,49,-10,1,1
2,1,v2,14,3,3,0,42,52,-10,1,1
2,1,v2,15,3,3,0,45,55,-10,1,1
2,1,v2,16,3,3,0,48,58,-10,1,1
2,1,v2,17,3,7,-4,48,53,-5,1,2
2,1,v2,18,7,7,0,43,60,-17,2,2
2,1,v2,19,7,7,0,50,67,-17,2,2
2,1,v2,20,7,7,0,57,74,-17,2,2
2,1,v2,21,7,7,0,64,81,-17,2,2
2,1,v2,22,10,7,3,62,88,-26,3,2
2,1,v2,23,10,7,3,72,95,-23,3,2
2,1,v2,24,10,11,-1,82,94,-12,3,3
2,1,v2,25,10,11,-1,92,105,-13,3,3
2,1,v2,26,14,12,2,94,105,-11,4,4
2,1,v2,27,15,12,3,86,106,-20,5,4
2,1,v2,28,15,12,3,80,118,-38,5,4
2,1,v2,29,15,12,3,95,130,-35,5,4
2,1,v2,30,15,12,3,110,142,-32,5,4
2,1,v2,31,15,12,3,125,154,-29,5,4
2,1,v2,32,15,12,3,140,166,-26,5,4
2,1,v2,33,15,12,3,155,178,-23,5,4
2,1,v2,34,15,12,3,170,190,-20,5,4
2,1,v2,35,15,12,3,185,202,-17,5,4
2,1,v2,36,15,12,3,141,208,-67,5,4
2,1,v2,37,15,12,3,156,220,-64,5,4
2,1,v2,38,15,15,0,171,210,-39,5,5
2,1,v2,39,15,15,0,186,225,-39,5,5
2,1,v2,40,19,16,3,160,229,-69,6,6
2,1,v2,41,19,17,2,174,234,-60,6,7
2,1,v2,42,19,17,2,180,251,-71,6,7
2,1,v2,43,23,17,6,190,268,-78,7,7
2,1,v2,44,23,17,6,190,262,-72,7,7
2,1,v2,45,23,17,6,213,279,-66,7,7
2,1,v2,46,23,17,6,236,296,-60,7,7
2,1,v2,47,23,17,6,259,313,-54,7,7
2,1,v2,48,23,17,6,282,330,-48,7,7
2,1,v2,49,23,17,6,305,347,-42,7,7
2,1,v2,50,23,17,6,317,364,-47,7,7
2,1,v2,51,23,17,6,340,381,-41,7,7
2,1,v2,52,24,16,8,322,357,-35,8,6
2,1,v2,53,24,16,8,346,373,-27,8,6
2,1,v2,54,23,17,6,335,354,-19,7,7
2,1,v2,55,23,17,6,358,371,-13,7,7
2,1,v2,56,20,20,0,362,369,-7,6,8
2,1,v2,57,20,20,0,382,389,-7,6,8
2,1,v2,58,20,20,0,402,409,-7,6,8
2,1,v2,59,20,20,0,376,409,-33,6,8
2,1,v2,60,20,23,-3,396,390,6,6,9
2,1,v2,61,21,22,-1,371,388,-17,7,8
2,1,v2,62,24,19,5,377,361,16,8,7
2,1,v2,63,24,19,5,401,380,21,8,7
2,1,v2,64,24,22,2,425,325,100,8,8
2,1,v2,65,24,22,2,416,314,102,8,8
2,1,v2,66,23,23,0,436,332,104,7,9
2,1,v2,67,23,23,0,450,346,104,7,9
2,1,v2,68,23,23,0,441,340,101,7,9
2,1,v2,69,23,23,0,452,363,89,7,9
2,1,v2,70,23,23,0,463,386,77,7,9
2,1,v2,71,23,23,0,484,409,75,7,9
2,1,v2,72,23,26,-3,499,403,96,7,10
2,1,v2,73,23,26,-3,479,386,93,7,10
2,1,v2,74,33,16,17,401,311,90,10,7
2,1,v2,75,33,16,17,434,327,107,10,7
2,1,v2,76,32,17,15,398,296,102,9,8
2,1,v2,77,32,21,11,414,257,157,9,9
2,1,v2,78,32,21,11,432,264,168,9,9
2,1,v2,79,36,17,19,443,264,179,10,8
2,1,v2,80,36,17,19,479,281,198,10,8
2,1,v2,81,39,14,25,474,272,202,11,7
2,1,v2,82,37,16,21,487,276,211,11,7
2,1,v2,83,37,16,21,512,280,232,11,7
2,1,v2,84,37,16,21,541,288,253,11,7
2,1,v2,85,38,15,23,555,281,274,12,6
2,1,v2,86,38,15,23,589,292,297,12,6
2,1,v2,87,39,14,25,596,276,320,13,5
2,1,v2,88,36,17,19,616,271,345,12,6
2,1,v2,89,36,17,19,652,288,364,12,6
2,1,v2,90,36,17,19,679,296,383,12,6
2,1,v2,91,39,14,25,691,301,390,13,5
2,1,v2,92,39,14,25,709,294,415,13,5
2,1,v2,93,38,15,23,737,297,440,12,6
2,1,v2,94,41,12,29,741,278,463,13,5
2,1,v2,95,41,12,29,778,286,492,13,5
2,1,v2,96,41,12,29,811,294,517,13,5
2,1,v2,97,37,16,21,832,290,542,12,6
2,1,v2,98,37,16,21,841,278,563,12,6
2,1,v2,99,33,20,13,858,274,584,11,7
2,1,v2,100,37,16,21,882,285,597,12,6
2,1,v2,101,37,19,18,919,256,663,12,7
2,1,v2,102,37,19,18,944,275,669,12,7
2,1,v2,103,40,16,24,968,281,687,13,6
2,1,v2,104,33,23,10,989,278,711,11,8
2,1,v2,105,33,23,10,937,255,682,12,7
2,1,v2,106,33,23,10,941,250,691,12,7
2,1,v2,107,33,27,6,964,253,711,12,8
2,1,v2,108,37,23,14,983,266,717,13,7
2,1,v2,109,37,23,14,1020,289,731,13,7
2,1,v2,110,37,23,14,1008,263,745,13,7
2,1,v2,111,37,23,14,1045,286,759,13,7
2,1,v2,112,37,23,14,1082,309,773,13,7
2,1,v2,113,37,23,14,1109,322,787,13,7
2,1,v2,114,43,17,26,1124,323,801,15,5
2,1,v2,115,43,17,26,1167,340,827,15,5
2,1,v2,116,42,18,24,1207,354,853,14,6
2,1,v2,117,35,25,10,1216,339,877,11,9
2,1,v2,118,35,25,10,1237,350,887,11,9
2,1,v2,119,40,20,20,1241,344,897,13,7
2,1,v2,120,44,16,28,1217,300,917,14,6
2,1,v2,121,44,16,28,1261,316,945,14,6
2,1,v2,122,48,12,36,1265,292,973,15,5
2,1,v2,123,48,12,36,1313,304,1009,15,5
2,1,v2,124,49,11,38,1341,296,1045,16,4
2,1,v2,125,43,17,26,1351,268,1083,14,6
2,1,v2,126,43,17,26,1364,255,1109,14,6
2,1,v2,127,44,16,28,1396,261,1135,15,5
2,1,v2,128,48,12,36,1406,243,1163,16,4
2,1,v2,129,48,12,36,1379,180,1199,16,4
2,1,v2,130,48,12,36,1406,171,1235,16,4
2,1,v2,131,48,12,36,1454,183,1271,16,4
2,1,v2,132,48,12,36,1485,178,1307,16,4
2,1,v2,133,47,13,34,1522,179,1343,15,5
2,1,v2,134,47,13,34,1508,131,1377,15,5
2,1,v2,135,47,13,34,1543,132,1411,15,5
2,1,v2,136,47,13,34,1590,145,1445,15,5
2,1,v2,137,47,13,34,1629,150,1479,15,5
2,1,v2,138,50,10,40,1663,150,1513,16,4
2,1,v2,139,50,10,40,1713,160,1553,16,4
2,1,v2,140,50,10,40,1763,170,1593,16,4
2,1,v2,141,54,6,48,1776,143,1633,18,2
2,1,v2,142,57,3,54,1796,115,1681,19,1
2,1,v2,143,57,3,54,1853,118,1735,19,1
2,1,v2,144,60,0,60,1844,55,1789,20,0
2,1,v2,145,60,0,60,1904,55,1849,20,0
2,1,v2,146,60,0,60,1964,55,1909,20,0
2,1,v2,147,60,0,60,2024,55,1969,20,0
2,1,v2,148,59,1,58,2079,50,2029,19,1
2,1,v2,149,59,1,58,2138,51,2087,19,1
2,1,v2,150,58,2,56,2175,30,2145,18,2
2,1,v2,151,58,2,56,2233,32,2201,18,2
2,1,v2,152,58,2,56,2291,34,2257,18,2
2,1,v2,153,58,2,56,2349,36,2313,18,2
2,1,v2,154,59,1,58,2375,6,2369,19,1
2,1,v2,155,59,1,58,2434,7,2427,19,1
2,1,v2,156,59,1,58,2493,8,2485,19,1
2,1,v2,157,59,1,58,2552,9,2543,19,1
2,1,v2,158,60,0,60,2601,0,2601,20,0
3,2,v2,0,5,5,0,10,10,0,1,1
3,2,v2,1,5,5,0,15,15,0,1,1
3,2,v2,2,5,5,0,20,20,0,1,1
3,2,v2,3,5,5,0,25,25,0,1,1
3,2,v2,4,9,5,4,22,30,-8,2,1
3,2,v2,5,9,5,4,31,35,-4,2,1
3,2,v2,6,9,5,4,40,40,0,2,1
3,2,v2,7,9,9,0,49,37,12,2,2
3,2,v2,8,9,9,0,58,46,12,2,2
3,2,v2,9,12,9,3,58,55,3,3,2
3,2,v2,10,12,9,3,70,64,6,3,2
3,2,v2,11,12,9,3,82,73,9,3,2
3,2,v2,12,12,9,3,94,82,12,3,2
3,2,v2,13,12,9,3,106,91,15,3,2
3,2,v2,14,12,9,3,118,100,18,3,2
3,2,v2,15,12,9,3,130,109,21,3,2
3,2,v2,16,12,12,0,142,109,33,3,3
3,2,v2,17,12,12,0,154,121,33,3,3
3,2,v2,18,12,12,0,166,133,33,3,3
3,2,v2,19,12,12,0,178,145,33,3,3
3,2,v2,20,12,12,0,190,157,33,3,3
3,2,v2,21,17,12,5,190,169,21,4,3
3,2,v2,22,17,12,5,204,181,23,4,3
3,2,v2,23,17,12,5,212,193,19,4,3
3,2,v2,24,17,12,5,229,205,24,4,3
3,2,v2,25,17,12,5,241,217,24,4,3
3,2,v2,26,17,12,5,249,229,20,4,3
3,2,v2,27,17,17,0,254,229,25,4,4
3,2,v2,28,17,17,0,271,246,25,4,4
3,2,v2,29,17,17,0,288,263,25,4,4
3,2,v2,30,17,17,0,299,280,19,4,4
3,2,v2,31,22,17,5,304,297,7,5,4
3,2,v2,32,22,17,5,326,314,12,5,4
3,2,v2,33,22,17,5,348,331,17,5,4
3,2,v2,34,22,17,5,370,348,22,5,4
3,2,v2,35,25,17,8,377,365,12,6,4
3,2,v2,36,30,17,13,396,382,14,7,4
3,2,v2,37,30,17,13,426,399,27,7,4
3,2,v2,38,30,17,13,456,416,40,7,4
3,2,v2,39,30,20,10,486,424,62,7,5
3,2,v2,40,30,20,10,516,444,72,7,5
3,2,v2,41,35,20,15,516,464,52,8,5
3,2,v2,42,35,20,15,551,484,67,8,5
3,2,v2,43,35,20,15,586,504,82,8,5
3,2,v2,44,35,24,11,621,516,105,8,6
3,2,v2,45,38,21,17,641,525,116,9,5
3,2,v2,46,33,26,7,674,541,133,8,6
3,2,v2,47,37,22,15,658,530,128,9,5
3,2,v2,48,37,27,10,695,522,173,9,6
3,2,v2,49,37,31,6,721,541,180,9,7
3,2,v2,50,37,31,6,740,572,168,9,7
3,2,v2,51,37,31,6,757,593,164,9,7
3,2,v2,52,37,31,6,794,624,170,9,7
3,2,v2,53,47,21,26,770,597,173,11,5
3,2,v2,54,47,21,26,807,608,199,11,5
3,2,v2,55,47,21,26,854,629,225,11,5
3,2,v2,56,48,20,28,838,587,251,11,5
3,2,v2,57,48,20,28,881,607,274,11,5
3,2,v2,58,48,20,28,929,627,302,11,5
3,2,v2,59,48,20,28,973,643,330,11,5
3,2,v2,60,48,20,28,1021,663,358,11,5
3,2,v2,61,43,25,18,1017,631,386,10,6
3,2,v2,62,43,25,18,1060,656,404,10,6
3,2,v2,63,43,25,18,1103,681,422,10,6
3,2,v2,64,46,23,23,1091,623,468,11,6
3,2,v2,65,47,22,25,1086,595,491,12,5
3,2,v2,66,47,22,25,1133,617,516,12,5
3,2,v2,67,47,22,25,1180,639,541,12,5
3,2,v2,68,47,22,25,1227,661,566,12,5
3,2,v2,69,47,22,25,1274,683,591,12,5
3,2,v2,70,47,22,25,1321,705,616,12,5
3,2,v2,71,44,25,19,1362,721,641,11,6
3,2,v2,72,44,25,19,1401,746,655,11,6
3,2,v2,73,44,25,19,1445,771,674,11,6
3,2,v2,74,50,20,30,1447,769,678,13,5
3,2,v2,75,50,21,29,1497,715,782,13,6
3,2,v2,76,44,27,17,1540,729,811,11,8
3,2,v2,77,49,22,27,1525,700,825,12,7
3,2,v2,78,50,22,28,1505,658,847,13,7
3,2,v2,79,49,23,26,1535,675,860,12,8
3,2,v2,80,51,19,32,1568,676,892,12,6
3,2,v2,81,51,19,32,1594,670,924,12,6
3,2,v2,82,52,18,34,1540,591,949,13,5
3,2,v2,83,52,18,34,1515,535,980,13,5
3,2,v2,84,53,17,36,1521,510,1011,14,4
3,2,v2,85,53,17,36,1557,527,1030,14,4
3,2,v2,86,58,12,46,1593,512,1081,15,3
3,2,v2,87,57,13,44,1649,522,1127,14,4
3,2,v2,88,61,9,52,1640,475,1165,14,4
3,2,v2,89,61,9,52,1691,460,1231,14,4
3,2,v2,90,64,6,58,1723,420,1303,15,3
3,2,v2,91,63,7,56,1680,314,1366,15,3
3,2,v2,92,63,7,56,1743,321,1422,15,3
3,2,v2,93,60,10,50,1803,325,1478,14,4
3,2,v2,94,66,4,62,1822,294,1528,16,2
3,2,v2,95,66,5,61,1888,278,1610,16,3
3,2,v2,96,62,9,53,1924,271,1653,15,4
3,2,v2,97,62,9,53,1973,267,1706,15,4
3,2,v2,98,66,5,61,1997,238,1759,17,2
3,2,v2,99,63,8,55,2048,228,1820,16,3
3,2,v2,100,63,9,54,2107,231,1876,16,4
3,2,v2,101,67,5,62,2135,205,1930,17,3
3,2,v2,102,68,4,64,2183,191,1992,18,2
3,2,v2,103,71,1,70,2191,135,2056,19,1
3,2,v2,104,72,0,72,2248,122,2126,20,0
3,2,v2,105,72,0,72,2320,122,2198,20,0
3,2,v2,106,72,0,72,2392,122,2270,20,0
3,2,v2,107,71,1,70,2459,117,2342,19,1
3,2,v2,108,71,1,70,2530,118,2412,19,1
3,2,v2,109,71,1,70,2601,119,2482,19,1
3,2,v2,110,71,1,70,2672,120,2552,19,1
3,2,v2,111,71,1,70,2743,121,2622,19,1
3,2,v2,112,71,1,70,2814,122,2692,19,1
3,2,v2,113,71,1,70,2885,123,2762,19,1
3,2,v2,114,71,1,70,2956,124,2832,19,1
3,2,v2,115,71,1,70,3027,125,2902,19,1
3,2,v2,116,71,1,70,3098,126,2972,19,1
3,2,v2,117,71,1,70,3169,127,3042,19,1
3,2,v2,118,69,3,66,3167,55,3112,19,1
3,2,v2,119,69,3,66,3236,58,3178,19,1
3,2,v2,120,69,3,66,3305,61,3244,19,1
3,2,v2,121,69,3,66,3374,64,3310,19,1
3,2,v2,122,69,3,66,3418,42,3376,19,1
3,2,v2,123,69,3,66,3462,20,3442,19,1
3,2,v2,124,72,0,72,3508,0,3508,20,0
4,3,v1,0,1,1,0,10,10,0,1,1
4,3,v1,1,1,1,0,11,11,0,1,1
4,3,v1,2,1,1,0,12,12,0,1,1
4,3,v1,3,1,1,0,13,13,0,1,1
4,3,v1,4,1,1,0,14,14,0,1,1
4,3,v1,5,1,1,0,15,15,0,1,1
4,3,v1,6,1,1,0,6,16,-10,1,1
4,3,v1,7,1,1,0,7,17,-10,1,1
4,3,v1,8,1,1,0,8,18,-10,1,1
4,3,v1,9,1,6,-5,9,14,-5,1,2
4,3,v1,10,1,6,-5,10,20,-10,1,2
4,3,v1,11,1,6,-5,11,26,-15,1,2
4,3,v1,12,1,6,-5,10,32,-22,1,2
4,3,v1,13,1,6,-5,11,38,-27,1,2
4,3,v1,14,1,6,-5,12,44,-32,1,2
4,3,v1,15,1,6,-5,13,50,-37,1,2
4,3,v1,16,6,6,0,9,56,-47,2,2
4,3,v1,17,6,6,0,15,62,-47,2,2
4,3,v1,18,6,6,0,21,68,-47,2,2
4,3,v1,19,6,6,0,27,74,-47,2,2
4,3,v1,20,6,6,0,33,80,-47,2,2
4,3,v1,21,6,6,0,39,86,-47,2,2
4,3,v1,22,6,6,0,45,92,-47,2,2
4,3,v1,23,6,6,0,51,98,-47,2,2
4,3,v1,24,6,7,-1,57,66,-9,2,3
4,3,v1,25,6,7,-1,63,73,-10,2,3
4,3,v1,26,6,7,-1,69,80,-11,2,3
4,3,v1,27,6,7,-1,75,87,-12,2,3
4,3,v1,28,10,7,3,57,94,-37,3,3
4,3,v1,29,10,7,3,67,101,-34,3,3
4,3,v1,30,10,7,3,77,108,-31,3,3
4,3,v1,31,11,7,4,78,115,-37,4,3
4,3,v1,32,16,12,4,74,107,-33,5,4
4,3,v1,33,21,12,9,75,119,-44,6,4
4,3,v1,34,21,12,9,96,131,-35,6,4
4,3,v1,35,21,12,9,117,143,-26,6,4
4,3,v1,36,21,12,9,138,155,-17,6,4
4,3,v1,37,21,13,8,159,158,1,6,5
4,3,v1,38,21,13,8,179,171,8,6,5
4,3,v1,39,21,13,8,199,184,15,6,5
4,3,v1,40,21,14,7,214,184,30,6,6
4,3,v1,41,21,14,7,216,198,18,6,6
4,3,v1,42,22,19,3,225,207,18,7,7
4,3,v1,43,22,19,3,247,226,21,7,7
4,3,v1,44,22,19,3,269,245,24,7,7
4,3,v1,45,22,19,3,291,264,27,7,7
4,3,v1,46,27,19,8,308,283,25,8,7
4,3,v1,47,27,19,8,329,296,33,8,7
4,3,v1,48,27,19,8,356,315,41,8,7
4,3,v1,49,27,19,8,383,334,49,8,7
4,3,v1,50,31,19,12,390,353,37,9,7
4,3,v1,51,31,19,12,421,372,49,9,7
4,3,v1,52,31,19,12,452,391,61,9,7
4,3,v1,53,31,19,12,483,410,73,9,7
4,3,v1,54,31,19,12,514,429,85,9,7
4,3,v1,55,31,19,12,545,448,97,9,7
4,3,v1,56,31,19,12,576,467,109,9,7
4,3,v1,57,31,23,8,607,460,147,9,8
4,3,v1,58,31,23,8,638,483,155,9,8
4,3,v1,59,31,28,3,669,441,228,9,9
4,3,v1,60,31,28,3,700,469,231,9,9
4,3,v1,61,31,29,2,731,482,249,9,10
4,3,v1,62,31,34,-3,762,496,266,9,11
4,3,v1,63,31,34,-3,793,530,263,9,11
4,3,v1,64,31,34,-3,824,564,260,9,11
4,3,v1,65,31,34,-3,855,598,257,9,11
4,3,v1,66,31,34,-3,886,632,254,9,11
4,3,v1,67,31,34,-3,917,666,251,9,11
4,3,v1,68,31,34,-3,948,700,248,9,11
4,3,v1,69,31,34,-3,979,734,245,9,11
4,3,v1,70,31,34,-3,1010,768,242,9,11
4,3,v1,71,31,34,-3,1041,802,239,9,11
4,3,v1,72,31,34,-3,1072,836,236,9,11
4,3,v1,73,31,34,-3,1103,870,233,9,11
4,3,v1,74,31,34,-3,1134,904,230,9,11
4,3,v1,75,31,34,-3,1165,938,227,9,11
4,3,v1,76,31,34,-3,1196,972,224,9,11
4,3,v1,77,31,35,-4,1227,991,236,9,12
4,3,v1,78,31,35,-4,1258,1026,232,9,12
4,3,v1,79,31,35,-4,1289,1061,228,9,12
4,3,v1,80,31,35,-4,1320,1096,224,9,12
4,3,v1,81,31,35,-4,1351,1131,220,9,12
4,3,v1,82,31,35,-4,1382,1166,216,9,12
4,3,v1,83,31,35,-4,1413,1201,212,9,12
4,3,v1,84,31,40,-9,1444,1201,243,9,14
4,3,v1,85,31,45,-14,1475,1176,299,9,15
4,3,v1,86,31,46,-15,1506,1206,300,9,16
4,3,v1,87,31,46,-15,1537,1252,285,9,16
4,3,v1,88,31,46,-15,1568,1298,270,9,16
4,3,v1,89,31,46,-15,1599,1344,255,9,16
4,3,v1,90,31,46,-15,1630,1390,240,9,16
4,3,v1,91,31,46,-15,1661,1436,225,9,16
4,3,v1,92,31,46,-15,1692,1482,210,9,16
4,3,v1,93,31,46,-15,1723,1528,195,9,16
4,3,v1,94,31,46,-15,1754,1574,180,9,16
4,3,v1,95,31,46,-15,1785,1620,165,9,16
4,3,v1,96,31,46,-15,1816,1666,150,9,16
4,3,v1,97,31,46,-15,1847,1712,135,9,16
4,3,v1,98,31,46,-15,1878,1758,120,9,16
4,3,v1,99,31,47,-16,1909,1766,143,9,17
4,3,v1,100,31,47,-16,1940,1813,127,9,17
4,3,v1,101,31,48,-17,1971,1822,149,9,18
4,3,v1,102,31,48,-17,2002,1870,132,9,18
4,3,v1,103,31,48,-17,2033,1918,115,9,18
4,3,v1,104,31,48,-17,2064,1966,98,9,18
4,3,v1,105,31,48,-17,2095,2014,81,9,18
4,3,v1,106,32,47,-15,2118,2054,64,10,17
4,3,v1,107,32,47,-15,2150,2101,49,10,17
4,3,v1,108,32,47,-15,2182,2148,34,10,17
4,3,v1,109,32,47,-15,2214,2195,19,10,17
4,3,v1,110,32,49,-17,2246,2218,28,10,19
4,3,v1,111,32,49,-17,2278,2267,11,10,19
4,3,v1,112,32,49,-17,2310,2316,-6,10,19
4,3,v1,113,32,50,-18,2342,2327,15,10,20
4,3,v1,114,32,50,-18,2374,2377,-3,10,20
4,3,v1,115,32,50,-18,2406,2427,-21,10,20
4,3,v1,116,32,50,-18,2438,2477,-39,10,20
4,3,v1,117,32,50,-18,2470,2527,-57,10,20
4,3,v1,118,32,50,-18,2502,2577,-75,10,20
4,3,v1,119,32,50,-18,2534,2627,-93,10,20
4,3,v1,120,32,50,-18,2566,2677,-111,10,20
4,3,v1,121,32,50,-18,2598,2727,-129,10,20
4,3,v1,122,32,50,-18,2630,2777,-147,10,20
4,3,v1,123,32,50,-18,2662,2827,-165,10,20
4,3,v1,124,32,50,-18,2694,2877,-183,10,20
4,3,v1,125,32,50,-18,2726,2927,-201,10,20
4,3,v1,126,32,50,-18,2758,2977,-219,10,20
4,3,v1,127,32,50,-18,2790,3027,-237,10,20
4,3,v1,128,32,50,-18,2822,3077,-255,10,20
4,3,v1,129,33,49,-16,2837,3110,-273,11,19
4,3,v1,130,33,49,-16,2870,3159,-289,11,19
4,3,v1,131,33,51,-18,2903,3129,-226,11,20
4,3,v1,132,33,53,-20,2936,3101,-165,11,21
4,3,v1,133,33,58,-25,2969,3106,-137,11,22
4,3,v1,134,32,59,-27,2895,3057,-162,10,23
4,3,v1,135,32,59,-27,2927,3116,-189,10,23
4,3,v1,136,32,59,-27,2959,3175,-216,10,23
4,3,v1,137,32,59,-27,2991,3234,-243,10,23
4,3,v1,138,32,59,-27,3023,3293,-270,10,23
4,3,v1,139,32,59,-27,3055,3352,-297,10,23
4,3,v1,140,32,59,-27,3087,3411,-324,10,23
4,3,v1,141,32,59,-27,3119,3470,-351,10,23
4,3,v1,142,32,59,-27,3151,3529,-378,10,23
4,3,v1,143,32,61,-29,3183,3522,-339,10,24
4,3,v1,144,32,61,-29,3215,3583,-368,10,24
4,3,v1,145,32,61,-29,3247,3644,-397,10,24
4,3,v1,146,32,61,-29,3279,3705,-426,10,24
4,3,v1,147,32,66,-34,3311,3701,-390,10,25
4,3,v1,148,31,67,-36,3323,3747,-424,9,26
4,3,v1,149,31,67,-36,3354,3814,-460,9,26
4,3,v1,150,31,67,-36,3385,3881,-496,9,26
4,3,v1,151,31,67,-36,3416,3948,-532,9,26
4,3,v1,152,31,67,-36,3447,4015,-568,9,26
4,3,v1,153,32,66,-34,3468,4072,-604,10,25
4,3,v1,154,37,61,-24,3464,4102,-638,11,24
4,3,v1,155,42,56,-14,3451,4113,-662,12,23
4,3,v1,156,42,56,-14,3493,4169,-676,12,23
4,3,v1,157,42,56,-14,3535,4225,-690,12,23
4,3,v1,158,42,56,-14,3577,4281,-704,12,23
4,3,v1,159,42,56,-14,3619,4337,-718,12,23
4,3,v1,160,37,61,-24,3635,4367,-732,11,24
4,3,v1,161,35,63,-28,3542,4298,-756,9,26
4,3,v1,162,35,63,-28,3577,4361,-784,9,26
4,3,v1,163,34,64,-30,3554,4366,-812,8,27
4,3,v1,164,34,64,-30,3588,4430,-842,8,27
4,3,v1,165,34,66,-32,3622,4415,-793,8,28
4,3,v1,166,29,71,-42,3595,4420,-825,7,29
4,3,v1,167,29,71,-42,3624,4491,-867,7,29
4,3,v1,168,31,69,-38,3646,4555,-909,8,28
4,3,v1,169,32,68,-36,3666,4613,-947,9,27
4,3,v1,170,33,67,-34,3538,4521,-983,9,27
4,3,v1,171,33,67,-34,3571,4588,-1017,9,27
4,3,v1,172,36,64,-28,3519,4570,-1051,9,27
4,3,v1,173,36,64,-28,3555,4634,-1079,9,27
4,3,v1,174,36,64,-28,3591,4698,-1107,9,27
4,3,v1,175,36,64,-28,3627,4762,-1135,9,27
4,3,v1,176,36,64,-28,3663,4826,-1163,9,27
4,3,v1,177,36,64,-28,3699,4890,-1191,9,27
4,3,v1,178,33,67,-34,3715,4934,-1219,7,29
4,3,v1,179,34,66,-32,3738,4991,-1253,8,28
4,3,v1,180,34,66,-32,3772,5057,-1285,8,28
4,3,v1,181,34,66,-32,3806,5123,-1317,8,28
4,3,v1,182,36,64,-28,3831,5180,-1349,9,27
4,3,v1,183,36,64,-28,3860,5237,-1377,9,27
4,3,v1,184,35,65,-30,3890,5295,-1405,8,28
4,3,v1,185,35,65,-30,3925,5360,-1435,8,28
4,3,v1,186,30,70,-40,3899,5364,-1465,7,29
4,3,v1,187,30,70,-40,3929,5434,-1505,7,29
4,3,v1,188,33,67,-34,3890,5435,-1545,9,27
4,3,v1,189,35,65,-30,3899,5478,-1579,11,25
4,3,v1,190,43,57,-14,3798,5407,-1609,12,24
4,3,v1,191,32,68,-36,3049,4672,-1623,9,27
4,3,v1,192,33,67,-34,3061,4720,-1659,10,26
4,3,v1,193,38,62,-24,3064,4757,-1693,11,25
4,3,v1,194,38,62,-24,3100,4817,-1717,11,25
4,3,v1,195,38,62,-24,3138,4879,-1741,11,25
4,3,v1,196,33,67,-34,2744,4509,-1765,10,26
4,3,v1,197,33,67,-34,2777,4576,-1799,10,26
4,3,v1,198,33,67,-34,2810,4643,-1833,10,26
4,3,v1,199,32,68,-36,2831,4698,-1867,9,27
4,3,v1,200,32,68,-36,2863,4766,-1903,9,27
4,3,v1,201,31,69,-38,2882,4821,-1939,8,28
4,3,v1,202,29,71,-42,2911,4888,-1977,6,30
4,3,v1,203,31,69,-38,2922,4941,-2019,7,29
4,3,v1,204,38,62,-24,2808,4865,-2057,9,27
4,3,v1,205,43,57,-14,2772,4853,-2081,11,25
4,3,v1,206,37,63,-26,2624,4719,-2095,10,26
4,3,v1,207,37,63,-26,2552,4673,-2121,10,26
4,3,v1,208,37,63,-26,2589,4736,-2147,10,26
4,3,v1,209,37,63,-26,2626,4799,-2173,10,26
4,3,v1,210,37,63,-26,2663,4862,-2199,10,26
4,3,v1,211,37,63,-26,2700,4925,-2225,10,26
4,3,v1,212,38,62,-24,2582,4833,-2251,10,26
4,3,v1,213,38,62,-24,2592,4867,-2275,10,26
4,3,v1,214,38,62,-24,2630,4929,-2299,10,26
4,3,v1,215,38,62,-24,2668,4991,-2323,10,26
4,3,v1,216,38,62,-24,2706,5053,-2347,10,26
4,3,v1,217,42,58,-16,2637,5008,-2371,10,26
4,3,v1,218,42,58,-16,2679,5066,-2387,10,26
4,3,v1,219,44,56,-12,2695,5098,-2403,11,25
4,3,v1,220,48,52,-4,2685,5100,-2415,12,24
4,3,v1,221,48,52,-4,2733,5152,-2419,12,24
4,3,v1,222,48,52,-4,2772,5195,-2423,12,24
4,3,v1,223,48,52,-4,2820,5247,-2427,12,24
4,3,v1,224,43,57,-14,2730,5161,-2431,11,25
4,3,v1,225,43,57,-14,2773,5218,-2445,11,25
4,3,v1,226,38,62,-24,2601,5060,-2459,10,26
4,3,v1,227,36,64,-28,2635,5118,-2483,9,27
4,3,v1,228,41,59,-18,2648,5159,-2511,10,26
4,3,v1,229,41,59,-18,2676,5205,-2529,10,26
4,3,v1,230,41,59,-18,2717,5264,-2547,10,26
4,3,v1,231,41,59,-18,2758,5323,-2565,10,26
4,3,v1,232,36,64,-28,2699,5282,-2583,9,27
4,3,v1,233,36,64,-28,2735,5346,-2611,9,27
4,3,v1,234,36,64,-28,2771,5410,-2639,9,27
4,3,v1,235,38,62,-24,2775,5442,-2667,10,26
4,3,v1,236,37,63,-26,2766,5457,-2691,9,27
4,3,v1,237,35,65,-30,2779,5496,-2717,8,28
4,3,v1,238,40,60,-20,2773,5520,-2747,9,27
4,3,v1,239,38,62,-24,2809,5576,-2767,8,28
4,3,v1,240,38,62,-24,2847,5638,-2791,8,28
4,3,v1,241,40,60,-20,2876,5691,-2815,9,27
4,3,v1,242,40,60,-20,2911,5746,-2835,9,27
4,3,v1,243,37,63,-26,2683,5538,-2855,9,27
4,3,v1,244,37,63,-26,2715,5596,-2881,9,27
4,3,v1,245,32,68,-36,2659,5566,-2907,8,28
4,3,v1,246,32,68,-36,2691,5634,-2943,8,28
4,3,v1,247,30,70,-40,2719,5698,-2979,7,29
4,3,v1,248,28,72,-44,2743,5762,-3019,6,30
4,3,v1,249,29,71,-42,2678,5741,-3063,7,29
4,3,v1,250,29,71,-42,2702,5807,-3105,7,29
4,3,v1,251,28,72,-44,2369,5516,-3147,9,27
4,3,v1,252,20,80,-60,2350,5541,-3191,8,28
4,3,v1,253,22,78,-56,2327,5578,-3251,7,29
4,3,v1,254,24,76,-52,2323,5630,-3307,8,28
4,3,v1,255,29,71,-42,2195,5554,-3359,9,27
4,3,v1,256,28,72,-44,2020,5421,-3401,8,28
4,3,v1,257,23,78,-55,1584,5026,-3442,7,30
4,3,v1,258,23,78,-55,1604,5101,-3497,7,30
4,3,v1,259,28,73,-45,1591,5143,-3552,8,29
4,3,v1,260,23,78,-55,1565,5162,-3597,7,30
4,3,v1,261,18,83,-65,1460,5112,-3652,5,32
4,3,v1,262,23,78,-55,1323,5040,-3717,6,31
4,3,v1,263,28,73,-45,1301,5073,-3772,7,30
4,3,v1,264,27,74,-47,1271,5088,-3817,7,30
4,3,v1,265,25,76,-51,1091,4955,-3864,7,30
4,3,v1,266,20,81,-61,1067,4982,-3915,6,31
4,3,v1,267,15,86,-71,1049,5025,-3976,5,32
4,3,v1,268,16,85,-69,1008,5055,-4047,5,32
4,3,v1,269,16,85,-69,1023,5139,-4116,5,32
4,3,v1,270,15,86,-71,1031,5216,-4185,4,33
4,3,v1,271,14,87,-73,1045,5301,-4256,3,34
4,3,v1,272,14,87,-73,1050,5379,-4329,3,34
4,3,v1,273,11,90,-79,1019,5421,-4402,3,34
4,3,v1,274,11,90,-79,1030,5511,-4481,3,34
4,3,v1,275,11,90,-79,985,5545,-4560,3,34
4,3,v1,276,18,83,-65,853,5492,-4639,6,31
4,3,v1,277,12,89,-77,657,5361,-4704,4,33
4,3,v1,278,17,84,-67,604,5385,-4781,5,32
4,3,v1,279,12,89,-77,600,5448,-4848,4,33
4,3,v1,280,16,85,-69,563,5488,-4925,4,33
4,3,v1,281,7,94,-87,546,5540,-4994,2,35
4,3,v1,282,7,93,-86,553,5382,-4829,2,34
4,3,v1,283,2,98,-96,488,5403,-4915,1,35
4,3,v1,284,5,95,-90,362,5373,-5011,1,35
4,3,v1,285,5,95,-90,363,5464,-5101,1,35
4,3,v1,286,7,93,-86,292,5483,-5191,2,34
4,3,v1,287,7,93,-86,299,5576,-5277,2,34
4,3,v1,288,12,88,-76,259,5622,-5363,3,33
4,3,v1,289,5,95,-90,209,5648,-5439,1,35
4,3,v1,290,5,95,-90,214,5743,-5529,1,35
4,3,v1,291,5,95,-90,219,5838,-5619,1,35
4,3,v1,292,5,95,-90,224,5933,-5709,1,35
4,3,v1,293,10,90,-80,27,5826,-5799,2,34
4,3,v1,294,10,90,-80,31,5910,-5879,2,34
4,3,v1,295,7,93,-86,23,5982,-5959,2,34
4,3,v1,296,2,98,-96,15,6060,-6045,1,35
4,3,v1,297,2,98,-96,17,6158,-6141,1,35
4,3,v1,298,0,100,-100,1,6238,-6237,0,36
4,3,v1,299,0,100,-100,1,6338,-6337,0,36
4,3,v1,300,0,100,-100,1,6438,-6437,0,36
4,3,v1,301,0,100,-100,0,6537,-6537,0,36
5,4,v2,0,3,3,0,10,10,0,1,1
5,4,v2,1,3,3,0,13,13,0,1,1
5,4,v2,2,3,3,0,16,16,0,1,1
5,4,v2,3,3,3,0,19,19,0,1,1
5,4,v2,4,3,3,0,22,22,0,1,1
5,4,v2,5,3,3,0,25,25,0,1,1
5,4,v2,6,3,3,0,28,28,0,1,1
5,4,v2,7,3,3,0,31,31,0,1,1
5,4,v2,8,3,3,0,34,34,0,1,1
5,4,v2,9,3,3,0,27,37,-10,1,1
5,4,v2,10,3,3,0,30,40,-10,1,1
5,4,v2,11,3,3,0,33,43,-10,1,1
5,4,v2,12,3,3,0,36,46,-10,1,1
5,4,v2,13,3,3,0,39,49,-10,1,1
5,4,v2,14,7,7,0,35,45,-10,2,2
5,4,v2,15,7,7,0,42,52,-10,2,2
5,4,v2,16,7,7,0,37,59,-22,2,2
5,4,v2,17,7,7,0,44,66,-22,2,2
5,4,v2,18,7,7,0,51,73,-22,2,2
5,4,v2,19,11,7,4,50,80,-30,3,2
5,4,v2,20,11,7,4,61,87,-26,3,2
5,4,v2,21,11,7,4,72,94,-22,3,2
5,4,v2,22,11,7,4,83,101,-18,3,2
5,4,v2,23,11,7,4,94,108,-14,3,2
5,4,v2,24,11,7,4,105,115,-10,3,2
5,4,v2,25,11,7,4,116,122,-6,3,2
5,4,v2,26,14,7,7,111,129,-18,4,2
5,4,v2,27,14,7,7,125,136,-11,4,2
5,4,v2,28,14,7,7,131,143,-12,4,2
5,4,v2,29,14,7,7,121,150,-29,4,2
5,4,v2,30,17,11,6,129,150,-21,5,3
5,4,v2,31,17,15,2,146,141,5,5,4
5,4,v2,32,17,15,2,163,156,7,5,4
5,4,v2,33,17,15,2,172,171,1,5,4
5,4,v2,34,17,15,2,189,186,3,5,4
5,4,v2,35,22,15,7,179,201,-22,7,4
5,4,v2,36,22,15,7,201,216,-15,7,4
5,4,v2,37,22,15,7,223,231,-8,7,4
5,4,v2,38,22,15,7,245,246,-1,7,4
5,4,v2,39,22,15,7,267,261,6,7,4
5,4,v2,40,22,15,7,270,276,-6,7,4
5,4,v2,41,22,15,7,285,291,-6,7,4
5,4,v2,42,22,15,7,307,306,1,7,4
5,4,v2,43,22,15,7,329,321,8,7,4
5,4,v2,44,22,15,7,337,336,1,7,4
5,4,v2,45,26,18,8,352,325,27,8,5
5,4,v2,46,26,18,8,375,326,49,8,5
5,4,v2,47,29,18,11,398,344,54,9,5
5,4,v2,48,29,23,6,426,315,111,9,7
5,4,v2,49,32,23,9,429,329,100,10,7
5,4,v2,50,32,23,9,461,352,109,10,7
5,4,v2,51,32,23,9,476,359,117,10,7
5,4,v2,52,32,23,9,489,363,126,10,7
5,4,v2,53,32,23,9,512,377,135,10,7
5,4,v2,54,32,23,9,544,400,144,10,7
5,4,v2,55,29,26,3,567,414,153,9,8
5,4,v2,56,29,27,2,553,386,167,9,9
5,4,v2,57,36,20,16,558,389,169,11,7
5,4,v2,58,36,21,15,594,388,206,11,8
5,4,v2,59,36,21,15,630,409,221,11,8
5,4,v2,60,33,24,9,657,424,233,10,9
5,4,v2,61,33,24,9,690,448,242,10,9
5,4,v2,62,33,25,8,723,453,270,10,10
5,4,v2,63,34,24,10,709,431,278,11,9
5,4,v2,64,34,24,10,743,455,288,11,9
5,4,v2,65,38,20,18,734,436,298,12,8
5,4,v2,66,39,19,20,752,436,316,13,7
5,4,v2,67,39,19,20,776,455,321,13,7
5,4,v2,68,39,19,20,775,434,341,13,7
5,4,v2,69,39,19,20,814,453,361,13,7
5,4,v2,70,39,22,17,853,464,389,13,8
5,4,v2,71,39,22,17,887,481,406,13,8
5,4,v2,72,39,22,17,926,503,423,13,8
5,4,v2,73,39,22,17,965,525,440,13,8
5,4,v2,74,42,19,23,936,479,457,14,7
5,4,v2,75,42,19,23,960,480,480,14,7
5,4,v2,76,42,19,23,963,460,503,14,7
5,4,v2,77,44,17,27,965,439,526,14,7
5,4,v2,78,44,17,27,1005,452,553,14,7
5,4,v2,79,44,17,27,1048,468,580,14,7
5,4,v2,80,44,17,27,1074,467,607,14,7
5,4,v2,81,44,18,26,1114,459,655,14,8
5,4,v2,82,44,16,28,1158,407,751,14,6
5,4,v2,83,44,16,28,1202,423,779,14,6
5,4,v2,84,44,16,28,1246,439,807,14,6
5,4,v2,85,48,12,36,1258,423,835,15,5
5,4,v2,86,48,12,36,1288,417,871,15,5
5,4,v2,87,45,15,30,1234,327,907,15,5
5,4,v2,88,45,15,30,1279,342,937,15,5
5,4,v2,89,45,15,30,1288,321,967,15,5
5,4,v2,90,45,15,30,1293,296,997,15,5
5,4,v2,91,45,15,30,1338,311,1027,15,5
5,4,v2,92,48,12,36,1302,245,1057,15,5
5,4,v2,93,48,12,36,1350,257,1093,15,5
5,4,v2,94,52,8,44,1345,216,1129,17,3
5,4,v2,95,51,9,42,1369,196,1173,16,4
5,4,v2,96,51,9,42,1420,205,1215,16,4
5,4,v2,97,51,9,42,1471,214,1257,16,4
5,4,v2,98,51,9,42,1449,150,1299,16,4
5,4,v2,99,51,9,42,1500,159,1341,16,4
5,4,v2,100,51,9,42,1551,168,1383,16,4
5,4,v2,101,51,9,42,1602,177,1425,16,4
5,4,v2,102,50,10,40,1611,144,1467,16,4
5,4,v2,103,51,9,42,1609,102,1507,17,3
5,4,v2,104,51,9,42,1660,111,1549,17,3
5,4,v2,105,51,9,42,1687,96,1591,17,3
5,4,v2,106,51,9,42,1734,101,1633,17,3
5,4,v2,107,51,9,42,1785,110,1675,17,3
5,4,v2,108,55,5,50,1801,84,1717,18,2
5,4,v2,109,59,1,58,1840,73,1767,19,1
5,4,v2,110,59,1,58,1899,74,1825,19,1
5,4,v2,111,59,1,58,1958,75,1883,19,1
5,4,v2,112,59,1,58,2017,76,1941,19,1
5,4,v2,113,59,1,58,2060,61,1999,19,1
5,4,v2,114,56,4,52,2093,36,2057,19,1
5,4,v2,115,52,8,44,2133,24,2109,18,2
5,4,v2,116,52,8,44,2185,32,2153,18,2
5,4,v2,117,52,8,44,2237,40,2197,18,2
5,4,v2,118,56,4,52,2265,24,2241,19,1
5,4,v2,119,56,4,52,2321,28,2293,19,1
5,4,v2,120,56,4,52,2377,32,2345,19,1
5,4,v2,121,60,0,60,2397,0,2397,20,0
6,5,v1,0,3,3,0,10,10,0,1,1
6,5,v1,1,3,3,0,13,13,0,1,1
6,5,v1,2,3,3,0,16,16,0,1,1
6,5,v1,3,3,3,0,19,19,0,1,1
6,5,v1,4,4,3,1,13,22,-9,2,1
6,5,v1,5,4,3,1,17,25,-8,2,1
6,5,v1,6,4,3,1,21,28,-7,2,1
6,5,v1,7,4,3,1,25,31,-6,2,1
6,5,v1,8,4,3,1,29,34,-5,2,1
6,5,v1,9,4,3,1,33,37,-4,2,1
6,5,v1,10,4,3,1,37,40,-3,2,1
6,5,v1,11,4,3,1,41,43,-2,2,1
6,5,v1,12,4,5,-1,45,37,8,2,2
6,5,v1,13,4,5,-1,49,42,7,2,2
6,5,v1,14,4,5,-1,51,47,4,2,2
6,5,v1,15,6,5,1,46,52,-6,3,2
6,5,v1,16,6,5,1,52,57,-5,3,2
6,5,v1,17,6,5,1,58,62,-4,3,2
6,5,v1,18,6,5,1,64,67,-3,3,2
6,5,v1,19,6,6,0,70,63,7,3,3
6,5,v1,20,6,6,0,74,69,5,3,3
6,5,v1,21,6,6,0,67,75,-8,3,3
6,5,v1,22,6,6,0,73,81,-8,3,3
6,5,v1,23,6,6,0,78,87,-9,3,3
6,5,v1,24,6,6,0,84,93,-9,3,3
6,5,v1,25,6,6,0,90,99,-9,3,3
6,5,v1,26,10,6,4,60,105,-45,5,3
6,5,v1,27,10,7,3,70,101,-31,5,4
6,5,v1,28,10,7,3,80,108,-28,5,4
6,5,v1,29,10,7,3,90,115,-25,5,4
6,5,v1,30,10,7,3,100,122,-22,5,4
6,5,v1,31,10,7,3,109,129,-20,5,4
6,5,v1,32,10,7,3,116,136,-20,5,4
6,5,v1,33,13,9,4,116,134,-18,6,5
6,5,v1,34,13,9,4,129,143,-14,6,5
6,5,v1,35,13,9,4,142,152,-10,6,5
6,5,v1,36,13,9,4,155,161,-6,6,5
6,5,v1,37,13,10,3,168,161,7,6,6
6,5,v1,38,13,10,3,181,171,10,6,6
6,5,v1,39,13,10,3,194,181,13,6,6
6,5,v1,40,13,10,3,207,191,16,6,6
6,5,v1,41,13,10,3,220,201,19,6,6
6,5,v1,42,13,12,1,233,192,41,6,7
6,5,v1,43,13,14,-1,246,195,51,6,8
6,5,v1,44,13,14,-1,259,209,50,6,8
6,5,v1,45,13,14,-1,272,223,49,6,8
6,5,v1,46,13,14,-1,285,237,48,6,8
6,5,v1,47,13,14,-1,298,251,47,6,8
6,5,v1,48,13,14,-1,311,265,46,6,8
6,5,v1,49,13,15,-2,324,269,55,6,9
6,5,v1,50,13,15,-2,337,284,53,6,9
6,5,v1,51,13,15,-2,350,299,51,6,9
6,5,v1,52,13,15,-2,363,314,49,6,9
6,5,v1,53,13,15,-2,376,329,47,6,9
6,5,v1,54,13,16,-3,389,336,53,6,10
6,5,v1,55,13,16,-3,402,352,50,6,10
6,5,v1,56,13,16,-3,415,368,47,6,10
6,5,v1,57,13,16,-3,428,384,44,6,10
6,5,v1,58,13,16,-3,441,400,41,6,10
6,5,v1,59,13,16,-3,454,416,38,6,10
6,5,v1,60,13,21,-8,467,388,79,6,12
6,5,v1,61,13,21,-8,468,397,71,6,12
6,5,v1,62,13,22,-9,481,405,76,6,13
6,5,v1,63,13,22,-9,494,427,67,6,13
6,5,v1,64,13,22,-9,507,449,58,6,13
6,5,v1,65,13,22,-9,520,471,49,6,13
6,5,v1,66,13,22,-9,533,493,40,6,13
6,5,v1,67,13,22,-9,546,515,31,6,13
6,5,v1,68,13,22,-9,559,537,22,6,13
6,5,v1,69,13,22,-9,572,559,13,6,13
6,5,v1,70,13,22,-9,585,581,4,6,13
6,5,v1,71,13,22,-9,598,603,-5,6,13
6,5,v1,72,13,23,-10,611,615,-4,6,14
6,5,v1,73,13,23,-10,624,638,-14,6,14
6,5,v1,74,13,23,-10,637,661,-24,6,14
6,5,v1,75,13,23,-10,650,684,-34,6,14
6,5,v1,76,13,23,-10,663,707,-44,6,14
6,5,v1,77,13,23,-10,676,730,-54,6,14
6,5,v1,78,13,23,-10,689,753,-64,6,14
6,5,v1,79,13,23,-10,702,776,-74,6,14
6,5,v1,80,13,23,-10,715,799,-84,6,14
6,5,v1,81,13,23,-10,728,822,-94,6,14
6,5,v1,82,13,23,-10,741,845,-104,6,14
6,5,v1,83,13,23,-10,754,868,-114,6,14
6,5,v1,84,13,23,-10,767,891,-124,6,14
6,5,v1,85,13,25,-12,780,895,-115,6,15
6,5,v1,86,13,25,-12,793,920,-127,6,15
6,5,v1,87,13,25,-12,806,945,-139,6,15
6,5,v1,88,13,25,-12,819,970,-151,6,15
6,5,v1,89,13,26,-13,832,985,-153,6,16
6,5,v1,90,15,24,-9,833,999,-166,7,15
6,5,v1,91,17,22,-5,828,1003,-175,8,14
6,5,v1,92,17,22,-5,845,1025,-180,8,14
6,5,v1,93,17,22,-5,862,1047,-185,8,14
6,5,v1,94,17,25,-8,879,1043,-164,8,15
6,5,v1,95,20,25,-5,871,1068,-197,9,15
6,5,v1,96,20,25,-5,891,1093,-202,9,15
6,5,v1,97,20,26,-6,911,1105,-194,9,16
6,5,v1,98,20,26,-6,931,1131,-200,9,16
6,5,v1,99,20,27,-7,951,1131,-180,9,17
6,5,v1,100,20,27,-7,971,1158,-187,9,17
6,5,v1,101,20,27,-7,991,1185,-194,9,17
6,5,v1,102,20,27,-7,1011,1212,-201,9,17
6,5,v1,103,20,27,-7,1031,1239,-208,9,17
6,5,v1,104,20,27,-7,1051,1266,-215,9,17
6,5,v1,105,20,27,-7,1071,1293,-222,9,17
6,5,v1,106,20,27,-7,1091,1320,-229,9,17
6,5,v1,107,20,27,-7,1111,1347,-236,9,17
6,5,v1,108,20,27,-7,1131,1374,-243,9,17
6,5,v1,109,20,30,-10,1151,1376,-225,9,18
6,5,v1,110,20,30,-10,1171,1406,-235,9,18
6,5,v1,111,20,30,-10,1191,1436,-245,9,18
6,5,v1,112,20,31,-11,1211,1453,-242,9,19
6,5,v1,113,20,31,-11,1231,1484,-253,9,19
6,5,v1,114,20,31,-11,1251,1515,-264,9,19
6,5,v1,115,20,31,-11,1271,1546,-275,9,19
6,5,v1,116,20,33,-13,1291,1558,-267,9,20
6,5,v1,117,20,34,-14,1311,1565,-254,9,21
6,5,v1,118,20,34,-14,1331,1599,-268,9,21
6,5,v1,119,20,34,-14,1351,1633,-282,9,21
6,5,v1,120,20,34,-14,1371,1667,-296,9,21
6,5,v1,121,20,34,-14,1391,1701,-310,9,21
6,5,v1,122,20,34,-14,1411,1735,-324,9,21
6,5,v1,123,20,34,-14,1431,1769,-338,9,21
6,5,v1,124,20,35,-15,1451,1777,-326,9,22
6,5,v1,125,20,35,-15,1471,1812,-341,9,22
6,5,v1,126,20,35,-15,1491,1847,-356,9,22
6,5,v1,127,20,35,-15,1511,1882,-371,9,22
6,5,v1,128,20,35,-15,1531,1917,-386,9,22
6,5,v1,129,20,35,-15,1551,1952,-401,9,22
6,5,v1,130,20,35,-15,1571,1987,-416,9,22
6,5,v1,131,20,35,-15,1591,2022,-431,9,22
6,5,v1,132,20,35,-15,1611,2057,-446,9,22
6,5,v1,133,20,36,-16,1631,2066,-435,9,23
6,5,v1,134,20,36,-16,1651,2102,-451,9,23
6,5,v1,135,20,36,-16,1671,2138,-467,9,23
6,5,v1,136,20,36,-16,1691,2174,-483,9,23
6,5,v1,137,20,36,-16,1711,2210,-499,9,23
6,5,v1,138,20,36,-16,1731,2246,-515,9,23
6,5,v1,139,20,39,-19,1751,2197,-446,9,24
6,5,v1,140,20,39,-19,1771,2236,-465,9,24
6,5,v1,141,17,45,-28,1652,2048,-396,8,26
6,5,v1,142,17,45,-28,1669,2093,-424,8,26
6,5,v1,143,17,45,-28,1686,2138,-452,8,26
6,5,v1,144,17,45,-28,1703,2183,-480,8,26
6,5,v1,145,17,45,-28,1720,2228,-508,8,26
6,5,v1,146,17,45,-28,1737,2273,-536,8,26
6,5,v1,147,17,48,-31,1754,2230,-476,8,27
6,5,v1,148,17,51,-34,1771,2190,-419,8,28
6,5,v1,149,17,51,-34,1788,2241,-453,8,28
6,5,v1,150,17,51,-34,1805,2292,-487,8,28
6,5,v1,151,17,51,-34,1822,2343,-521,8,28
6,5,v1,152,17,51,-34,1839,2394,-555,8,28
6,5,v1,153,17,51,-34,1856,2445,-589,8,28
6,5,v1,154,17,51,-34,1873,2496,-623,8,28
6,5,v1,155,17,51,-34,1890,2547,-657,8,28
6,5,v1,156,17,51,-34,1907,2598,-691,8,28
6,5,v1,157,17,51,-34,1924,2649,-725,8,28
6,5,v1,158,17,51,-34,1941,2700,-759,8,28
6,5,v1,159,17,51,-34,1958,2751,-793,8,28
6,5,v1,160,17,51,-34,1975,2802,-827,8,28
6,5,v1,161,17,51,-34,1992,2853,-861,8,28
6,5,v1,162,17,51,-34,2009,2904,-895,8,28
6,5,v1,163,17,51,-34,2026,2955,-929,8,28
6,5,v1,164,17,51,-34,2043,3006,-963,8,28
6,5,v1,165,17,51,-34,2060,3057,-997,8,28
6,5,v1,166,17,51,-34,2077,3108,-1031,8,28
6,5,v1,167,17,51,-34,2094,3159,-1065,8,28
6,5,v1,168,17,51,-34,2111,3210,-1099,8,28
6,5,v1,169,17,51,-34,2128,3261,-1133,8,28
6,5,v1,170,17,51,-34,2145,3312,-1167,8,28
6,5,v1,171,17,51,-34,2162,3363,-1201,8,28
6,5,v1,172,17,51,-34,2179,3414,-1235,8,28
6,5,v1,173,17,51,-34,2196,3465,-1269,8,28
6,5,v1,174,17,51,-34,2213,3516,-1303,8,28
6,5,v1,175,17,51,-34,2230,3567,-1337,8,28
6,5,v1,176,17,51,-34,2247,3618,-1371,8,28
6,5,v1,177,17,51,-34,2264,3669,-1405,8,28
6,5,v1,178,17,51,-34,2281,3720,-1439,8,28
6,5,v1,179,17,51,-34,2298,3771,-1473,8,28
6,5,v1,180,17,51,-34,2315,3822,-1507,8,28
6,5,v1,181,20,48,-28,2311,3852,-1541,9,27
6,5,v1,182,18,50,-32,2252,3821,-1569,8,28
6,5,v1,183,18,50,-32,2270,3871,-1601,8,28
6,5,v1,184,18,50,-32,2288,3921,-1633,8,28
6,5,v1,185,18,50,-32,2306,3971,-1665,8,28
6,5,v1,186,18,50,-32,2324,4021,-1697,8,28
6,5,v1,187,15,53,-38,2324,4053,-1729,7,29
6,5,v1,188,15,53,-38,2339,4106,-1767,7,29
6,5,v1,189,17,51,-34,2337,4142,-1805,8,28
6,5,v1,190,18,50,-32,2318,4157,-1839,9,27
6,5,v1,191,18,50,-32,2336,4207,-1871,9,27
6,5,v1,192,18,50,-32,2354,4257,-1903,9,27
6,5,v1,193,21,47,-26,2308,4243,-1935,10,26
6,5,v1,194,19,49,-30,2318,4279,-1961,9,27
6,5,v1,195,18,50,-32,2202,4193,-1991,8,28
6,5,v1,196,18,50,-32,2220,4243,-2023,8,28
6,5,v1,197,18,50,-32,2238,4293,-2055,8,28
6,5,v1,198,20,48,-28,2081,4168,-2087,8,28
6,5,v1,199,24,44,-20,2024,4139,-2115,10,26
6,5,v1,200,29,39,-10,1848,3983,-2135,12,24
6,5,v1,201,29,39,-10,1870,4015,-2145,12,24
6,5,v1,202,26,42,-16,1748,3903,-2155,11,25
6,5,v1,203,26,42,-16,1774,3945,-2171,11,25
6,5,v1,204,25,43,-18,1791,3978,-2187,10,26
6,5,v1,205,23,45,-22,1805,4010,-2205,9,27
6,5,v1,206,20,48,-28,1795,4022,-2227,8,28
6,5,v1,207,18,50,-32,1803,4058,-2255,7,29
6,5,v1,208,18,50,-32,1820,4107,-2287,7,29
6,5,v1,209,15,53,-38,1804,4123,-2319,6,30
6,5,v1,210,8,60,-52,1555,3912,-2357,3,33
6,5,v1,211,8,60,-52,1563,3972,-2409,3,33
6,5,v1,212,9,59,-50,1541,4002,-2461,4,32
6,5,v1,213,10,58,-48,1516,4027,-2511,5,31
6,5,v1,214,14,54,-40,1405,3964,-2559,7,29
6,5,v1,215,14,54,-40,1419,4018,-2599,7,29
6,5,v1,216,14,54,-40,1433,4072,-2639,7,29
6,5,v1,217,19,49,-30,1379,4058,-2679,9,27
6,5,v1,218,18,50,-32,1392,4101,-2709,8,28
6,5,v1,219,20,48,-28,1339,4080,-2741,9,27
6,5,v1,220,18,50,-32,1167,3936,-2769,8,28
6,5,v1,221,14,54,-40,1153,3954,-2801,6,30
6,5,v1,222,18,50,-32,1073,3914,-2841,7,29
6,5,v1,223,20,48,-28,1023,3896,-2873,8,28
6,5,v1,224,19,49,-30,1032,3933,-2901,7,29
6,5,v1,225,11,57,-46,640,3571,-2931,4,32
6,5,v1,226,11,57,-46,518,3495,-2977,4,32
6,5,v1,227,11,57,-46,529,3552,-3023,4,32
6,5,v1,228,9,59,-50,536,3605,-3069,3,33
6,5,v1,229,6,62,-56,532,3651,-3119,2,34
6,5,v1,230,8,60,-52,516,3691,-3175,3,33
6,5,v1,231,8,60,-52,521,3748,-3227,3,33
6,5,v1,232,7,61,-54,430,3709,-3279,3,33
6,5,v1,233,7,61,-54,435,3768,-3333,3,33
6,5,v1,234,5,63,-58,433,3820,-3387,2,34
6,5,v1,235,8,60,-52,284,3729,-3445,3,33
6,5,v1,236,6,62,-56,288,3785,-3497,2,34
6,5,v1,237,6,62,-56,291,3844,-3553,2,34
6,5,v1,238,6,62,-56,297,3906,-3609,2,34
6,5,v1,239,6,62,-56,298,3963,-3665,2,34
6,5,v1,240,7,61,-54,293,4014,-3721,3,33
6,5,v1,241,10,58,-48,236,4011,-3775,4,32
6,5,v1,242,13,55,-42,143,3966,-3823,5,31
6,5,v1,243,13,55,-42,156,4021,-3865,5,31
6,5,v1,244,10,58,-48,141,4048,-3907,4,32
6,5,v1,245,7,61,-54,148,4103,-3955,3,33
6,5,v1,246,9,59,-50,129,4138,-4009,4,32
6,5,v1,247,9,59,-50,138,4197,-4059,4,32
6,5,v1,248,6,62,-56,75,4184,-4109,3,33
6,5,v1,249,3,65,-62,66,4231,-4165,2,34
6,5,v1,250,3,65,-62,69,4296,-4227,2,34
6,5,v1,251,3,65,-62,72,4361,-4289,2,34
6,5,v1,252,0,68,-68,49,4400,-4351,0,36
6,5,v1,253,3,65,-62,1,4420,-4419,1,35
6,5,v1,254,3,65,-62,4,4485,-4481,1,35
6,5,v1,255,3,65,-62,7,4550,-4543,1,35
6,5,v1,256,3,65,-62,10,4615,-4605,1,35
6,5,v1,257,0,68,-68,0,4667,-4667,0,36
7,6,v1,0,1,1,0,10,10,0,1,1
7,6,v1,1,1,1,0,11,11,0,1,1
7,6,v1,2,1,1,0,12,12,0,1,1
7,6,v1,3,1,1,0,13,13,0,1,1
7,6,v1,4,1,1,0,14,14,0,1,1
7,6,v1,5,1,1,0,15,15,0,1,1
7,6,v1,6,1,1,0,16,16,0,1,1
7,6,v1,7,1,1,0,17,17,0,1,1
7,6,v1,8,1,1,0,8,18,-10,1,1
7,6,v1,9,1,1,0,9,19,-10,1,1
7,6,v1,10,1,1,0,10,20,-10,1,1
7,6,v1,11,1,1,0,11,21,-10,1,1
7,6,v1,12,1,1,0,12,22,-10,1,1
7,6,v1,13,1,1,0,13,23,-10,1,1
7,6,v1,14,1,1,0,14,24,-10,1,1
7,6,v1,15,1,1,0,15,25,-10,1,1
7,6,v1,16,1,1,0,16,26,-10,1,1
7,6,v1,17,1,1,0,17,27,-10,1,1
7,6,v1,18,1,1,0,18,28,-10,1,1
7,6,v1,19,1,1,0,19,29,-10,1,1
7,6,v1,20,1,1,0,20,30,-10,1,1
7,6,v1,21,1,4,-3,21,20,1,1,2
7,6,v1,22,1,4,-3,22,24,-2,1,2
7,6,v1,23,1,4,-3,23,28,-5,1,2
7,6,v1,24,1,4,-3,24,32,-8,1,2
7,6,v1,25,1,4,-3,25,36,-11,1,2
7,6,v1,26,1,4,-3,26,40,-14,1,2
7,6,v1,27,1,4,-3,27,44,-17,1,2
7,6,v1,28,1,4,-3,24,48,-24,1,2
7,6,v1,29,4,4,0,13,52,-39,2,2
7,6,v1,30,4,4,0,17,56,-39,2,2
7,6,v1,31,4,4,0,21,60,-39,2,2
7,6,v1,32,4,7,-3,25,53,-28,2,3
7,6,v1,33,4,7,-3,29,60,-31,2,3
7,6,v1,34,4,7,-3,33,67,-34,2,3
7,6,v1,35,4,7,-3,37,74,-37,2,3
7,6,v1,36,4,7,-3,41,81,-40,2,3
7,6,v1,37,4,7,-3,33,88,-55,2,3
7,6,v1,38,4,7,-3,37,95,-58,2,3
7,6,v1,39,4,7,-3,41,102,-61,2,3
7,6,v1,40,4,7,-3,45,109,-64,2,3
7,6,v1,41,4,7,-3,37,116,-79,2,3
7,6,v1,42,4,7,-3,41,123,-82,2,3
7,6,v1,43,4,7,-3,45,130,-85,2,3
7,6,v1,44,4,7,-3,46,134,-88,2,3
7,6,v1,45,9,7,2,34,140,-106,3,3
7,6,v1,46,9,7,2,42,147,-105,3,3
7,6,v1,47,9,15,-6,51,120,-69,3,5
7,6,v1,48,9,20,-11,60,112,-52,3,6
7,6,v1,49,9,20,-11,65,132,-67,3,6
7,6,v1,50,9,20,-11,74,152,-78,3,6
7,6,v1,51,9,20,-11,83,172,-89,3,6
7,6,v1,52,9,20,-11,92,192,-100,3,6
7,6,v1,53,9,20,-11,96,212,-116,3,6
7,6,v1,54,9,20,-11,105,232,-127,3,6
7,6,v1,55,13,20,-7,91,252,-161,4,6
7,6,v1,56,13,20,-7,104,272,-168,4,6
7,6,v1,57,13,20,-7,117,292,-175,4,6
7,6,v1,58,13,20,-7,127,309,-182,4,6
7,6,v1,59,13,20,-7,140,329,-189,4,6
7,6,v1,60,18,24,-6,131,308,-177,5,7
7,6,v1,61,13,34,-21,141,301,-160,4,9
7,6,v1,62,13,34,-21,154,335,-181,4,9
7,6,v1,63,13,38,-25,150,329,-179,4,10
7,6,v1,64,13,38,-25,163,367,-204,4,10
7,6,v1,65,13,38,-25,176,405,-229,4,10
7,6,v1,66,13,42,-29,171,402,-231,4,11
7,6,v1,67,13,42,-29,184,444,-260,4,11
7,6,v1,68,18,42,-24,152,486,-334,5,11
7,6,v1,69,17,43,-26,151,509,-358,4,12
7,6,v1,70,17,43,-26,168,552,-384,4,12
7,6,v1,71,17,43,-26,185,595,-410,4,12
7,6,v1,72,17,48,-31,202,593,-391,4,13
7,6,v1,73,17,48,-31,219,641,-422,4,13
7,6,v1,74,17,48,-31,236,689,-453,4,13
7,6,v1,75,17,48,-31,253,737,-484,4,13
7,6,v1,76,17,48,-31,270,785,-515,4,13
7,6,v1,77,22,43,-21,252,798,-546,5,12
7,6,v1,78,22,43,-21,274,841,-567,5,12
7,6,v1,79,22,43,-21,290,884,-594,5,12
7,6,v1,80,22,43,-21,312,927,-615,5,12
7,6,v1,81,22,43,-21,303,939,-636,5,12
7,6,v1,82,22,43,-21,325,982,-657,5,12
7,6,v1,83,22,43,-21,347,1025,-678,5,12
7,6,v1,84,22,43,-21,354,1053,-699,5,12
7,6,v1,85,29,37,-8,311,974,-663,7,11
7,6,v1,86,34,37,-3,308,934,-626,8,11
7,6,v1,87,31,40,-9,333,962,-629,7,12
7,6,v1,88,31,40,-9,364,1002,-638,7,12
7,6,v1,89,31,40,-9,395,1042,-647,7,12
7,6,v1,90,31,40,-9,426,1082,-656,7,12
7,6,v1,91,31,40,-9,457,1122,-665,7,12
7,6,v1,92,31,41,-10,488,1111,-623,7,13
7,6,v1,93,28,44,-16,480,1113,-633,7,13
7,6,v1,94,28,44,-16,487,1136,-649,7,13
7,6,v1,95,28,44,-16,515,1180,-665,7,13
7,6,v1,96,28,44,-16,543,1224,-681,7,13
7,6,v1,97,23,49,-26,506,1203,-697,6,14
7,6,v1,98,23,49,-26,505,1228,-723,6,14
7,6,v1,99,22,50,-28,474,1223,-749,5,15
7,6,v1,100,19,53,-34,490,1267,-777,4,16
7,6,v1,101,24,48,-24,474,1285,-811,6,14
7,6,v1,102,24,48,-24,498,1333,-835,6,14
7,6,v1,103,28,44,-16,477,1336,-859,6,14
7,6,v1,104,28,44,-16,429,1304,-875,6,14
7,6,v1,105,24,48,-24,437,1328,-891,5,15
7,6,v1,106,14,58,-44,366,1281,-915,3,17
7,6,v1,107,14,58,-44,380,1339,-959,3,17
7,6,v1,108,14,58,-44,384,1387,-1003,3,17
7,6,v1,109,17,55,-38,365,1412,-1047,4,16
7,6,v1,110,17,55,-38,382,1467,-1085,4,16
7,6,v1,111,7,65,-58,335,1458,-1123,2,18
7,6,v1,112,8,64,-56,315,1496,-1181,3,17
7,6,v1,113,13,59,-46,272,1509,-1237,4,16
7,6,v1,114,13,59,-46,285,1568,-1283,4,16
7,6,v1,115,14,58,-44,227,1556,-1329,4,16
7,6,v1,116,14,58,-44,241,1614,-1373,4,16
7,6,v1,117,10,62,-52,230,1647,-1417,2,18
7,6,v1,118,13,59,-46,204,1673,-1469,3,17
7,6,v1,119,8,64,-56,197,1712,-1515,2,18
7,6,v1,120,8,64,-56,180,1751,-1571,2,18
7,6,v1,121,12,60,-48,133,1760,-1627,3,17
7,6,v1,122,12,60,-48,130,1805,-1675,3,17
7,6,v1,123,12,60,-48,142,1865,-1723,3,17
7,6,v1,124,12,60,-48,154,1925,-1771,3,17
7,6,v1,125,7,65,-58,80,1899,-1819,2,18
7,6,v1,126,4,68,-64,47,1924,-1877,1,19
7,6,v1,127,4,68,-64,51,1992,-1941,1,19
7,6,v1,128,0,72,-72,47,2052,-2005,0,20
7,6,v1,129,5,67,-62,21,2098,-2077,1,19
7,6,v1,130,5,67,-62,26,2165,-2139,1,19
7,6,v1,131,5,67,-62,31,2232,-2201,1,19
7,6,v1,132,5,67,-62,36,2299,-2263,1,19
7,6,v1,133,5,67,-62,41,2366,-2325,1,19
7,6,v1,134,8,64,-56,21,2408,-2387,2,18
7,6,v1,135,8,64,-56,29,2472,-2443,2,18
7,6,v1,136,3,69,-66,7,2506,-2499,1,19
7,6,v1,137,3,69,-66,10,2575,-2565,1,19
7,6,v1,138,3,69,-66,13,2644,-2631,1,19
7,6,v1,139,0,72,-72,0,2697,-2697,0,20
8,7,v2,0,4,4,0,10,10,0,1,1
8,7,v2,1,4,4,0,14,14,0,1,1
8,7,v2,2,4,4,0,18,18,0,1,1
8,7,v2,3,4,4,0,22,22,0,1,1
8,7,v2,4,4,4,0,26,26,0,1,1
8,7,v2,5,7,4,3,21,30,-9,2,1
8,7,v2,6,7,4,3,28,34,-6,2,1
8,7,v2,7,7,4,3,35,38,-3,2,1
8,7,v2,8,7,7,0,42,33,9,2,2
8,7,v2,9,7,7,0,49,40,9,2,2
8,7,v2,10,11,7,4,44,47,-3,3,2
8,7,v2,11,11,7,4,55,54,1,3,2
8,7,v2,12,11,7,4,66,61,5,3,2
8,7,v2,13,11,7,4,77,68,9,3,2
8,7,v2,14,11,7,4,88,75,13,3,2
8,7,v2,15,11,7,4,92,82,10,3,2
8,7,v2,16,11,7,4,103,89,14,3,2
8,7,v2,17,11,7,4,114,96,18,3,2
8,7,v2,18,11,7,4,125,103,22,3,2
8,7,v2,19,11,7,4,136,110,26,3,2
8,7,v2,20,11,11,0,131,105,26,3,3
8,7,v2,21,11,11,0,130,116,14,3,3
8,7,v2,22,11,11,0,129,127,2,3,3
8,7,v2,23,11,11,0,129,138,-9,3,3
8,7,v2,24,15,11,4,119,149,-30,5,3
8,7,v2,25,15,11,4,134,160,-26,5,3
8,7,v2,26,15,11,4,149,171,-22,5,3
8,7,v2,27,15,15,0,149,170,-21,5,4
8,7,v2,28,21,15,6,149,185,-36,7,4
8,7,v2,29,21,15,6,170,200,-30,7,4
8,7,v2,30,21,15,6,191,215,-24,7,4
8,7,v2,31,21,16,5,212,214,-2,7,5
8,7,v2,32,21,16,5,233,230,3,7,5
8,7,v2,33,21,16,5,254,246,8,7,5
8,7,v2,34,24,16,8,273,262,11,8,5
8,7,v2,35,24,16,8,297,278,19,8,5
8,7,v2,36,24,16,8,321,294,27,8,5
8,7,v2,37,24,16,8,345,310,35,8,5
8,7,v2,38,28,16,12,352,326,26,9,5
8,7,v2,39,28,19,9,380,333,47,9,6
8,7,v2,40,28,19,9,408,352,56,9,6
8,7,v2,41,28,23,5,436,354,82,9,7
8,7,v2,42,28,23,5,464,377,87,9,7
8,7,v2,43,31,20,11,477,385,92,10,6
8,7,v2,44,31,20,11,508,405,103,10,6
8,7,v2,45,31,20,11,539,425,114,10,6
8,7,v2,46,31,20,11,533,408,125,10,6
8,7,v2,47,31,20,11,564,428,136,10,6
8,7,v2,48,31,20,11,588,429,159,10,6
8,7,v2,49,31,20,11,611,449,162,10,6
8,7,v2,50,33,20,13,609,449,160,11,6
8,7,v2,51,33,23,10,625,460,165,11,7
8,7,v2,52,35,23,12,648,467,181,12,7
8,7,v2,53,35,23,12,679,490,189,12,7
8,7,v2,54,35,23,12,678,485,193,12,7
8,7,v2,55,35,23,12,691,489,202,12,7
8,7,v2,56,38,23,15,713,512,201,13,7
8,7,v2,57,38,23,15,680,463,217,13,7
8,7,v2,58,35,26,9,711,479,232,12,8
8,7,v2,59,38,24,14,729,472,257,13,8
8,7,v2,60,38,24,14,762,495,267,13,8
8,7,v2,61,38,24,14,798,519,279,13,8
8,7,v2,62,38,24,14,820,527,293,13,8
8,7,v2,63,39,24,15,823,516,307,14,8
8,7,v2,64,39,24,15,820,498,322,14,8
8,7,v2,65,43,20,23,795,458,337,15,7
8,7,v2,66,43,20,23,822,462,360,15,7
8,7,v2,67,43,20,23,839,456,383,15,7
8,7,v2,68,41,22,19,878,472,406,14,8
8,7,v2,69,41,22,19,907,482,425,14,8
8,7,v2,70,46,17,29,885,441,444,16,6
8,7,v2,71,45,18,27,930,457,473,15,7
8,7,v2,72,45,18,27,947,447,500,15,7
8,7,v2,73,39,24,15,970,443,527,13,9
8,7,v2,74,39,24,15,995,453,542,13,9
8,7,v2,75,39,24,15,1008,451,557,13,9
8,7,v2,76,46,17,29,1017,445,572,15,7
8,7,v2,77,46,17,29,1063,462,601,15,7
8,7,v2,78,45,18,27,1092,462,630,14,8
8,7,v2,79,41,22,19,1100,443,657,13,9
8,7,v2,80,40,23,17,1112,436,676,13,9
8,7,v2,81,40,23,17,1136,443,693,13,9
8,7,v2,82,40,23,17,1169,459,710,13,9
8,7,v2,83,40,25,15,1169,417,752,13,10
8,7,v2,84,43,22,21,1115,348,767,14,9
8,7,v2,85,43,22,21,1158,370,788,14,9
8,7,v2,86,43,22,21,1201,392,809,14,9
8,7,v2,87,43,22,21,1238,408,830,14,9
8,7,v2,88,43,22,21,1243,416,827,14,9
8,7,v2,89,47,18,29,1251,399,852,15,8
8,7,v2,90,47,21,26,1278,398,880,15,9
8,7,v2,91,47,21,26,1307,401,906,15,9
8,7,v2,92,47,21,26,1348,416,932,15,9
8,7,v2,93,45,23,22,1347,389,958,14,10
8,7,v2,94,48,20,28,1338,358,980,15,9
8,7,v2,95,45,23,22,1360,352,1008,14,10
8,7,v2,96,45,23,22,1405,375,1030,14,10
8,7,v2,97,45,23,22,1438,386,1052,14,10
8,7,v2,98,47,21,26,1447,373,1074,15,9
8,7,v2,99,45,23,22,1454,354,1100,15,9
8,7,v2,100,47,21,26,1451,329,1122,16,8
8,7,v2,101,48,20,28,1491,343,1148,17,7
8,7,v2,102,48,20,28,1515,339,1176,17,7
8,7,v2,103,49,19,30,1553,349,1204,18,6
8,7,v2,104,49,19,30,1578,344,1234,18,6
8,7,v2,105,56,12,44,1564,300,1264,20,4
8,7,v2,106,56,12,44,1614,306,1308,20,4
8,7,v2,107,54,14,40,1542,190,1352,20,4
8,7,v2,108,54,14,40,1596,204,1392,20,4
8,7,v2,109,53,15,38,1645,213,1432,19,5
8,7,v2,110,52,16,36,1692,222,1470,18,6
8,7,v2,111,52,16,36,1727,221,1506,18,6
8,7,v2,112,52,16,36,1763,221,1542,18,6
8,7,v2,113,55,13,42,1776,198,1578,19,5
8,7,v2,114,55,13,42,1831,211,1620,19,5
8,7,v2,115,51,17,34,1794,132,1662,18,6
8,7,v2,116,52,16,36,1823,127,1696,19,5
8,7,v2,117,52,16,36,1875,143,1732,19,5
8,7,v2,118,60,8,52,1856,88,1768,21,3
8,7,v2,119,60,8,52,1916,96,1820,21,3
8,7,v2,120,59,9,50,1950,78,1872,21,3
8,7,v2,121,59,9,50,2009,87,1922,21,3
8,7,v2,122,62,6,56,2031,59,1972,22,2
8,7,v2,123,62,6,56,2093,65,2028,22,2
8,7,v2,124,66,2,64,2131,47,2084,23,1
8,7,v2,125,66,2,64,2197,49,2148,23,1
8,7,v2,126,65,3,62,2252,40,2212,22,2
8,7,v2,127,65,3,62,2312,38,2274,22,2
8,7,v2,128,65,3,62,2377,41,2336,22,2
8,7,v2,129,66,2,64,2415,17,2398,23,1
8,7,v2,130,66,2,64,2469,7,2462,23,1
8,7,v2,131,66,2,64,2535,9,2526,23,1
8,7,v2,132,65,3,62,2597,7,2590,22,2
8,7,v2,133,65,3,62,2662,10,2652,22,2
8,7,v2,134,65,3,62,2727,13,2714,22,2
8,7,v2,135,65,3,62,2790,14,2776,22,2
8,7,v2,136,65,3,62,2855,17,2838,22,2
8,7,v2,137,65,3,62,2920,20,2900,22,2
8,7,v2,138,65,3,62,2985,23,2962,22,2
8,7,v2,139,66,2,64,3040,16,3024,23,1
8,7,v2,140,66,2,64,3106,18,3088,23,1
8,7,v2,141,68,0,68,3160,8,3152,24,0
8,7,v2,142,68,0,68,3228,8,3220,24,0
8,7,v2,143,67,1,66,3293,5,3288,23,1
8,7,v2,144,67,1,66,3360,6,3354,23,1
8,7,v2,145,67,1,66,3427,7,3420,23,1
8,7,v2,146,67,1,66,3494,8,3486,23,1
8,7,v2,147,68,0,68,3552,0,3552,24,0
9,8,v1,0,4,4,0,10,10,0,1,1
9,8,v1,1,4,4,0,14,14,0,1,1
9,8,v1,2,4,4,0,18,18,0,1,1
9,8,v1,3,4,4,0,22,22,0,1,1
9,8,v1,4,4,4,0,16,26,-10,1,1
9,8,v1,5,4,4,0,20,30,-10,1,1
9,8,v1,6,4,4,0,24,34,-10,1,1
9,8,v1,7,8,4,4,22,38,-16,2,1
9,8,v1,8,8,4,4,30,42,-12,2,1
9,8,v1,9,8,6,2,38,37,1,2,2
9,8,v1,10,8,6,2,46,43,3,2,2
9,8,v1,11,8,6,2,54,49,5,2,2
9,8,v1,12,8,10,-2,62,39,23,2,3
9,8,v1,13,10,10,0,61,49,12,3,3
9,8,v1,14,10,10,0,71,59,12,3,3
9,8,v1,15,10,10,0,81,69,12,3,3
9,8,v1,16,10,10,0,91,79,12,3,3
9,8,v1,17,10,10,0,101,89,12,3,3
9,8,v1,18,10,10,0,111,99,12,3,3
9,8,v1,19,15,10,5,93,109,-16,4,3
9,8,v1,20,15,10,5,107,119,-12,4,3
9,8,v1,21,15,10,5,122,129,-7,4,3
9,8,v1,22,15,10,5,137,139,-2,4,3
9,8,v1,23,15,10,5,145,149,-4,4,3
9,8,v1,24,15,10,5,160,159,1,4,3
9,8,v1,25,15,10,5,175,169,6,4,3
9,8,v1,26,15,10,5,190,179,11,4,3
9,8,v1,27,15,10,5,186,189,-3,4,3
9,8,v1,28,17,10,7,187,199,-12,5,3
9,8,v1,29,22,10,12,164,209,-45,7,3
9,8,v1,30,22,10,12,186,219,-33,7,3
9,8,v1,31,22,10,12,208,229,-21,7,3
9,8,v1,32,22,12,10,230,217,13,7,4
9,8,v1,33,22,12,10,252,229,23,7,4
9,8,v1,34,25,12,13,265,241,24,8,4
9,8,v1,35,25,12,13,283,253,30,8,4
9,8,v1,36,25,12,13,308,265,43,8,4
9,8,v1,37,25,12,13,333,277,56,8,4
9,8,v1,38,25,12,13,358,289,69,8,4
9,8,v1,39,25,12,13,383,301,82,8,4
9,8,v1,40,25,12,13,404,313,91,8,4
9,8,v1,41,30,12,18,412,325,87,9,4
9,8,v1,42,30,14,16,442,319,123,9,5
9,8,v1,43,32,18,14,454,317,137,10,6
9,8,v1,44,32,18,14,486,335,151,10,6
9,8,v1,45,34,18,16,509,353,156,11,6
9,8,v1,46,34,20,14,543,362,181,11,7
9,8,v1,47,34,20,14,577,382,195,11,7
9,8,v1,48,34,20,14,611,402,209,11,7
9,8,v1,49,34,20,14,645,422,223,11,7
9,8,v1,50,38,16,22,649,412,237,12,6
9,8,v1,51,38,19,19,687,403,284,12,7
9,8,v1,52,38,19,19,720,422,298,12,7
9,8,v1,53,38,23,15,758,422,336,12,8
9,8,v1,54,38,23,15,785,434,351,12,8
9,8,v1,55,38,23,15,823,457,366,12,8
9,8,v1,56,38,23,15,861,480,381,12,8
9,8,v1,57,38,25,13,899,481,418,12,9
9,8,v1,58,38,25,13,937,506,431,12,9
9,8,v1,59,38,28,10,975,511,464,12,10
9,8,v1,60,38,33,5,1013,511,502,12,11
9,8,v1,61,38,37,1,1051,528,523,12,12
9,8,v1,62,38,37,1,1072,548,524,12,12
9,8,v1,63,38,37,1,1110,585,525,12,12
9,8,v1,64,38,37,1,1148,622,526,12,12
9,8,v1,65,38,37,1,1186,659,527,12,12
9,8,v1,66,38,37,1,1224,696,528,12,12
9,8,v1,67,38,37,1,1262,733,529,12,12
9,8,v1,68,38,37,1,1300,770,530,12,12
9,8,v1,69,38,37,1,1338,807,531,12,12
9,8,v1,70,42,37,5,1357,844,513,13,12
9,8,v1,71,42,37,5,1399,881,518,13,12
9,8,v1,72,42,37,5,1441,918,523,13,12
9,8,v1,73,42,37,5,1483,955,528,13,12
9,8,v1,74,42,39,3,1525,974,551,13,13
9,8,v1,75,42,39,3,1567,1013,554,13,13
9,8,v1,76,42,39,3,1609,1052,557,13,13
9,8,v1,77,42,39,3,1651,1091,560,13,13
9,8,v1,78,44,37,7,1684,1121,563,14,12
9,8,v1,79,44,39,5,1728,1136,592,14,13
9,8,v1,80,44,39,5,1772,1175,597,14,13
9,8,v1,81,44,39,5,1816,1214,602,14,13
9,8,v1,82,42,41,1,1847,1240,607,13,14
9,8,v1,83,42,41,1,1889,1281,608,13,14
9,8,v1,84,42,41,1,1928,1319,609,13,14
9,8,v1,85,42,41,1,1970,1360,610,13,14
9,8,v1,86,42,46,-4,2010,1371,639,13,15
9,8,v1,87,42,46,-4,2052,1417,635,13,15
9,8,v1,88,48,40,8,2011,1380,631,15,13
9,8,v1,89,53,35,18,2043,1404,639,16,12
9,8,v1,90,53,35,18,2096,1439,657,16,12
9,8,v1,91,53,35,18,2149,1474,675,16,12
9,8,v1,92,53,35,18,2202,1509,693,16,12
9,8,v1,93,49,39,10,2229,1518,711,15,13
9,8,v1,94,49,39,10,2273,1552,721,15,13
9,8,v1,95,49,39,10,2322,1591,731,15,13
9,8,v1,96,49,39,10,2371,1630,741,15,13
9,8,v1,97,49,39,10,2412,1661,751,15,13
9,8,v1,98,49,39,10,2461,1700,761,15,13
9,8,v1,99,50,38,12,2380,1609,771,16,12
9,8,v1,100,50,38,12,2428,1645,783,16,12
9,8,v1,101,50,38,12,2474,1679,795,16,12
9,8,v1,102,54,34,20,2417,1610,807,17,11
9,8,v1,103,60,28,32,2424,1597,827,19,9
9,8,v1,104,60,28,32,2464,1605,859,19,9
9,8,v1,105,55,33,22,2479,1588,891,18,10
9,8,v1,106,51,37,14,2497,1584,913,16,12
9,8,v1,107,51,37,14,2541,1614,927,16,12
9,8,v1,108,49,39,10,2531,1590,941,15,13
9,8,v1,109,47,41,6,2522,1571,951,14,14
9,8,v1,110,38,50,-12,2382,1425,957,12,16
9,8,v1,111,36,52,-16,2394,1449,945,11,17
9,8,v1,112,36,52,-16,2430,1501,929,11,17
9,8,v1,113,45,43,2,2290,1377,913,13,15
9,8,v1,114,43,45,-2,2299,1384,915,12,16
9,8,v1,115,43,45,-2,2342,1429,913,12,16
9,8,v1,116,38,50,-12,2359,1448,911,11,17
9,8,v1,117,42,46,-4,2368,1469,899,12,16
9,8,v1,118,40,48,-8,2360,1465,895,11,17
9,8,v1,119,36,52,-16,2316,1429,887,10,18
9,8,v1,120,36,52,-16,2352,1481,871,10,18
9,8,v1,121,36,52,-16,2388,1533,855,10,18
9,8,v1,122,32,56,-24,2316,1477,839,9,19
9,8,v1,123,29,59,-30,2163,1348,815,8,20
9,8,v1,124,29,59,-30,2192,1407,785,8,20
9,8,v1,125,35,53,-18,2152,1397,755,10,18
9,8,v1,126,38,50,-12,2174,1437,737,11,17
9,8,v1,127,38,50,-12,2212,1487,725,11,17
9,8,v1,128,38,50,-12,2250,1537,713,11,17
9,8,v1,129,38,50,-12,2288,1587,701,11,17
9,8,v1,130,32,56,-24,2294,1605,689,9,19
9,8,v1,131,32,56,-24,2326,1661,665,9,19
9,8,v1,132,32,56,-24,2358,1717,641,9,19
9,8,v1,133,40,48,-8,2199,1582,617,11,17
9,8,v1,134,44,44,0,2217,1608,609,12,16
9,8,v1,135,40,48,-8,2249,1640,609,11,17
9,8,v1,136,40,48,-8,2289,1688,601,11,17
9,8,v1,137,37,51,-14,2314,1721,593,10,18
9,8,v1,138,33,55,-22,2330,1751,579,9,19
9,8,v1,139,29,59,-30,2342,1785,557,8,20
9,8,v1,140,30,58,-28,2200,1673,527,9,19
9,8,v1,141,39,49,-10,2058,1559,499,11,17
9,8,v1,142,46,42,4,1995,1506,489,13,15
9,8,v1,143,50,38,12,2027,1534,493,14,14
9,8,v1,144,52,36,16,2050,1545,505,15,13
9,8,v1,145,52,36,16,2102,1581,521,15,13
9,8,v1,146,52,36,16,2154,1617,537,15,13
9,8,v1,147,44,44,0,2171,1618,553,13,15
9,8,v1,148,46,42,4,2136,1583,553,14,14
9,8,v1,149,43,45,-2,2167,1610,557,13,15
9,8,v1,150,47,41,6,2176,1621,555,14,14
9,8,v1,151,42,46,-4,2117,1556,561,13,15
9,8,v1,152,42,46,-4,2143,1586,557,13,15
9,8,v1,153,44,44,0,2152,1599,553,14,14
9,8,v1,154,44,44,0,2192,1639,553,14,14
9,8,v1,155,41,47,-6,2203,1650,553,13,15
9,8,v1,156,41,47,-6,2244,1697,547,13,15
9,8,v1,157,41,47,-6,2285,1744,541,13,15
9,8,v1,158,37,51,-14,2293,1758,535,12,16
9,8,v1,159,33,55,-22,2287,1766,521,10,18
9,8,v1,160,33,55,-22,2320,1821,499,10,18
9,8,v1,161,29,59,-30,2116,1639,477,9,19
9,8,v1,162,32,56,-24,2123,1676,447,10,18
9,8,v1,163,28,60,-32,2073,1650,423,8,20
9,8,v1,164,32,56,-24,2075,1684,391,9,19
9,8,v1,165,42,46,-4,1946,1579,367,11,17
9,8,v1,166,44,44,0,1957,1594,363,11,17
9,8,v1,167,44,44,0,2001,1638,363,11,17
9,8,v1,168,44,44,0,2045,1682,363,11,17
9,8,v1,169,39,49,-10,2079,1716,363,10,18
9,8,v1,170,42,46,-4,2056,1703,353,11,17
9,8,v1,171,43,45,-2,1943,1594,349,12,16
9,8,v1,172,43,45,-2,1986,1639,347,12,16
9,8,v1,173,43,45,-2,2005,1660,345,12,16
9,8,v1,174,46,42,4,2006,1663,343,13,15
9,8,v1,175,44,44,0,2018,1671,347,13,15
9,8,v1,176,46,42,4,1920,1573,347,14,14
9,8,v1,177,48,40,8,1882,1531,351,15,13
9,8,v1,178,48,40,8,1920,1561,359,15,13
9,8,v1,179,48,40,8,1956,1589,367,15,13
9,8,v1,180,48,40,8,2004,1629,375,15,13
9,8,v1,181,48,40,8,2045,1662,383,15,13
9,8,v1,182,46,42,4,2049,1658,391,14,14
9,8,v1,183,46,42,4,2095,1700,395,14,14
9,8,v1,184,38,50,-12,1905,1506,399,12,16
9,8,v1,185,38,50,-12,1943,1556,387,12,16
9,8,v1,186,40,48,-8,1961,1586,375,12,16
9,8,v1,187,47,41,6,1895,1528,367,14,14
9,8,v1,188,47,41,6,1942,1569,373,14,14
9,8,v1,189,51,37,14,1868,1489,379,15,13
9,8,v1,190,51,37,14,1898,1505,393,15,13
9,8,v1,191,49,39,10,1939,1532,407,14,14
9,8,v1,192,49,39,10,1937,1520,417,14,14
9,8,v1,193,45,43,2,1917,1490,427,13,15
9,8,v1,194,37,51,-14,1827,1398,429,11,17
9,8,v1,195,37,51,-14,1818,1403,415,11,17
9,8,v1,196,37,51,-14,1707,1306,401,11,17
9,8,v1,197,45,43,2,1688,1301,387,13,15
9,8,v1,198,43,45,-2,1717,1328,389,12,16
9,8,v1,199,43,45,-2,1757,1370,387,12,16
9,8,v1,200,43,45,-2,1800,1415,385,12,16
9,8,v1,201,45,43,2,1774,1391,383,13,15
9,8,v1,202,48,40,8,1789,1404,385,14,14
9,8,v1,203,50,38,12,1806,1413,393,15,13
9,8,v1,204,46,42,4,1813,1408,405,14,14
9,8,v1,205,46,42,4,1743,1334,409,14,14
9,8,v1,206,38,50,-12,1716,1303,413,12,16
9,8,v1,207,38,50,-12,1677,1276,401,12,16
9,8,v1,208,40,48,-8,1659,1270,389,12,16
9,8,v1,209,36,52,-16,1682,1301,381,11,17
9,8,v1,210,37,51,-14,1676,1311,365,11,17
9,8,v1,211,39,49,-10,1664,1313,351,12,16
9,8,v1,212,33,55,-22,1615,1274,341,10,18
9,8,v1,213,37,51,-14,1613,1294,319,11,17
9,8,v1,214,39,49,-10,1509,1204,305,11,17
9,8,v1,215,43,45,-2,1523,1228,295,12,16
9,8,v1,216,41,47,-6,1549,1256,293,11,17
9,8,v1,217,38,50,-12,1487,1200,287,10,18
9,8,v1,218,34,54,-20,1504,1229,275,9,19
9,8,v1,219,30,58,-28,1534,1279,255,8,20
9,8,v1,220,27,61,-34,1561,1334,227,7,21
9,8,v1,221,27,61,-34,1588,1395,193,7,21
9,8,v1,222,27,61,-34,1571,1412,159,7,21
9,8,v1,223,25,63,-38,1521,1396,125,6,22
9,8,v1,224,29,59,-30,1498,1411,87,8,20
9,8,v1,225,35,53,-18,1454,1397,57,10,18
9,8,v1,226,34,54,-20,1391,1352,39,10,18
9,8,v1,227,30,58,-28,1409,1390,19,9,19
9,8,v1,228,27,61,-34,1432,1441,-9,8,20
9,8,v1,229,29,59,-30,1446,1489,-43,9,19
9,8,v1,230,27,61,-34,1433,1506,-73,9,19
9,8,v1,231,33,55,-22,1364,1471,-107,11,17
9,8,v1,232,31,57,-26,1393,1522,-129,10,18
9,8,v1,233,29,59,-30,1399,1554,-155,9,19
9,8,v1,234,34,54,-20,1312,1497,-185,9,19
9,8,v1,235,38,50,-12,1277,1482,-205,10,18
9,8,v1,236,31,57,-26,1230,1447,-217,9,19
9,8,v1,237,31,57,-26,1221,1464,-243,9,19
9,8,v1,238,27,61,-34,1210,1479,-269,8,20
9,8,v1,239,30,58,-28,1212,1515,-303,9,19
9,8,v1,240,33,55,-22,1189,1520,-331,9,19
9,8,v1,241,37,51,-14,1199,1552,-353,10,18
9,8,v1,242,36,52,-16,1150,1517,-367,11,17
9,8,v1,243,40,48,-8,1149,1532,-383,12,16
9,8,v1,244,40,48,-8,1189,1580,-391,12,16
9,8,v1,245,43,45,-2,1106,1505,-399,12,16
9,8,v1,246,38,50,-12,1119,1520,-401,10,18
9,8,v1,247,34,54,-20,1136,1549,-413,9,19
9,8,v1,248,36,52,-16,1149,1582,-433,10,18
9,8,v1,249,34,54,-20,1003,1452,-449,9,19
9,8,v1,250,36,52,-16,910,1379,-469,10,18
9,8,v1,251,31,57,-26,941,1426,-485,9,19
9,8,v1,252,43,45,-2,865,1376,-511,13,15
9,8,v1,253,43,45,-2,901,1414,-513,13,15
9,8,v1,254,37,51,-14,900,1415,-515,11,17
9,8,v1,255,37,51,-14,908,1437,-529,11,17
9,8,v1,256,32,56,-24,919,1462,-543,9,19
9,8,v1,257,28,60,-32,914,1481,-567,8,20
9,8,v1,258,30,58,-28,904,1503,-599,9,19
9,8,v1,259,34,54,-20,851,1478,-627,11,17
9,8,v1,260,41,47,-6,834,1481,-647,13,15
9,8,v1,261,45,43,2,857,1510,-653,14,14
9,8,v1,262,50,38,12,860,1511,-651,15,13
9,8,v1,263,55,33,22,732,1371,-639,16,12
9,8,v1,264,51,37,14,741,1358,-617,15,13
9,8,v1,265,51,37,14,777,1380,-603,15,13
9,8,v1,266,42,46,-4,751,1340,-589,13,15
9,8,v1,267,38,50,-12,759,1352,-593,12,16
9,8,v1,268,42,46,-4,769,1374,-605,13,15
9,8,v1,269,47,41,6,677,1286,-609,15,13
9,8,v1,270,42,46,-4,688,1291,-603,13,15
9,8,v1,271,44,44,0,663,1270,-607,14,14
9,8,v1,272,36,52,-16,652,1259,-607,12,16
9,8,v1,273,34,54,-20,674,1297,-623,11,17
9,8,v1,274,34,54,-20,708,1351,-643,11,17
9,8,v1,275,31,57,-26,692,1355,-663,10,18
9,8,v1,276,27,61,-34,719,1408,-689,8,20
9,8,v1,277,31,57,-26,724,1447,-723,9,19
9,8,v1,278,38,50,-12,464,1213,-749,11,17
9,8,v1,279,38,50,-12,502,1263,-761,11,17
9,8,v1,280,40,48,-8,520,1293,-773,12,16
9,8,v1,281,36,52,-16,474,1255,-781,11,17
9,8,v1,282,29,59,-30,475,1272,-797,9,19
9,8,v1,283,29,59,-30,459,1286,-827,9,19
9,8,v1,284,29,59,-30,488,1345,-857,9,19
9,8,v1,285,33,55,-22,440,1327,-887,10,18
9,8,v1,286,29,59,-30,465,1374,-909,8,20
9,8,v1,287,29,59,-30,464,1403,-939,8,20
9,8,v1,288,28,60,-32,466,1435,-969,8,20
9,8,v1,289,26,62,-36,484,1485,-1001,7,21
9,8,v1,290,30,58,-28,492,1529,-1037,8,20
9,8,v1,291,20,68,-48,502,1567,-1065,6,22
9,8,v1,292,22,66,-44,418,1531,-1113,7,21
9,8,v1,293,18,70,-52,422,1579,-1157,6,22
9,8,v1,294,18,70,-52,379,1588,-1209,6,22
9,8,v1,295,18,70,-52,397,1658,-1261,6,22
9,8,v1,296,12,76,-64,397,1710,-1313,4,24
9,8,v1,297,8,80,-72,405,1782,-1377,3,25
9,8,v1,298,8,80,-72,349,1798,-1449,3,25
9,8,v1,299,12,76,-64,341,1862,-1521,4,24
9,8,v1,300,12,76,-64,353,1938,-1585,4,24
9,8,v1,301,10,78,-68,306,1955,-1649,3,25
9,8,v1,302,10,78,-68,260,1977,-1717,3,25
9,8,v1,303,8,80,-72,245,2030,-1785,3,25
9,8,v1,304,9,79,-70,170,2027,-1857,3,25
9,8,v1,305,9,79,-70,120,2047,-1927,3,25
9,8,v1,306,9,79,-70,78,2075,-1997,3,25
9,8,v1,307,9,79,-70,68,2135,-2067,3,25
9,8,v1,308,5,83,-78,41,2178,-2137,2,26
9,8,v1,309,3,85,-82,22,2237,-2215,1,27
9,8,v1,310,3,85,-82,19,2316,-2297,1,27
9,8,v1,311,3,85,-82,22,2401,-2379,1,27
9,8,v1,312,3,85,-82,25,2486,-2461,1,27
9,8,v1,313,0,88,-88,0,2543,-2543,0,28
10,9,v1,0,2,2,0,10,10,0,1,1
10,9,v1,1,2,2,0,12,12,0,1,1
10,9,v1,2,2,2,0,14,14,0,1,1
10,9,v1,3,2,2,0,16,16,0,1,1
10,9,v1,4,2,2,0,18,18,0,1,1
10,9,v1,5,2,2,0,10,20,-10,1,1
10,9,v1,6,2,2,0,12,22,-10,1,1
10,9,v1,7,2,2,0,14,24,-10,1,1
10,9,v1,8,2,2,0,16,26,-10,1,1
10,9,v1,9,2,2,0,18,28,-10,1,1
10,9,v1,10,2,2,0,20,30,-10,1,1
10,9,v1,11,2,2,0,22,32,-10,1,1
10,9,v1,12,2,2,0,24,34,-10,1,1
10,9,v1,13,2,2,0,26,36,-10,1,1
10,9,v1,14,2,2,0,28,38,-10,1,1
10,9,v1,15,2,2,0,30,40,-10,1,1
10,9,v1,16,2,2,0,32,42,-10,1,1
10,9,v1,17,2,2,0,34,44,-10,1,1
10,9,v1,18,2,2,0,36,46,-10,1,1
10,9,v1,19,2,5,-3,38,43,-5,1,2
10,9,v1,20,5,5,0,35,48,-13,2,2
10,9,v1,21,5,5,0,40,53,-13,2,2
10,9,v1,22,5,5,0,45,58,-13,2,2
10,9,v1,23,5,5,0,38,63,-25,2,2
10,9,v1,24,5,5,0,43,68,-25,2,2
10,9,v1,25,5,5,0,48,73,-25,2,2
10,9,v1,26,5,5,0,48,78,-30,2,2
10,9,v1,27,7,5,2,37,83,-46,3,2
10,9,v1,28,7,8,-1,42,83,-41,3,3
10,9,v1,29,7,8,-1,49,91,-42,3,3
10,9,v1,30,7,8,-1,56,99,-43,3,3
10,9,v1,31,7,8,-1,63,107,-44,3,3
10,9,v1,32,7,8,-1,70,115,-45,3,3
10,9,v1,33,7,8,-1,77,123,-46,3,3
10,9,v1,34,7,8,-1,84,131,-47,3,3
10,9,v1,35,7,8,-1,91,139,-48,3,3
10,9,v1,36,7,8,-1,98,147,-49,3,3
10,9,v1,37,7,8,-1,102,155,-53,3,3
10,9,v1,38,7,8,-1,99,163,-64,3,3
10,9,v1,39,7,8,-1,105,171,-66,3,3
10,9,v1,40,8,8,0,105,179,-74,4,3
10,9,v1,41,8,8,0,113,187,-74,4,3
10,9,v1,42,10,11,-1,92,190,-98,5,4
10,9,v1,43,10,11,-1,102,201,-99,5,4
10,9,v1,44,15,11,4,98,212,-114,6,4
10,9,v1,45,15,11,4,113,223,-110,6,4
10,9,v1,46,15,11,4,114,234,-120,6,4
10,9,v1,47,15,11,4,119,245,-126,6,4
10,9,v1,48,15,11,4,118,240,-122,6,4
10,9,v1,49,15,11,4,123,241,-118,6,4
10,9,v1,50,14,12,2,131,251,-120,5,5
10,9,v1,51,14,12,2,145,263,-118,5,5
10,9,v1,52,14,12,2,159,275,-116,5,5
10,9,v1,53,17,9,8,158,272,-114,6,4
10,9,v1,54,17,9,8,174,281,-107,6,4
10,9,v1,55,19,9,10,188,290,-102,7,4
10,9,v1,56,19,9,10,207,299,-92,7,4
10,9,v1,57,22,11,11,202,292,-90,7,5
10,9,v1,58,22,11,11,224,303,-79,7,5
10,9,v1,59,22,11,11,246,314,-68,7,5
10,9,v1,60,22,11,11,268,325,-57,7,5
10,9,v1,61,22,16,6,279,278,1,7,6
10,9,v1,62,22,16,6,301,294,7,7,6
10,9,v1,63,22,16,6,323,310,13,7,6
10,9,v1,64,22,16,6,324,305,19,7,6
10,9,v1,65,22,16,6,346,321,25,7,6
10,9,v1,66,22,21,1,368,311,57,7,7
10,9,v1,67,22,21,1,390,332,58,7,7
10,9,v1,68,22,21,1,412,353,59,7,7
10,9,v1,69,22,21,1,434,374,60,7,7
10,9,v1,70,22,23,-1,456,379,77,7,8
10,9,v1,71,22,23,-1,478,402,76,7,8
10,9,v1,72,22,23,-1,500,425,75,7,8
10,9,v1,73,22,23,-1,522,448,74,7,8
10,9,v1,74,22,28,-6,544,445,99,7,9
10,9,v1,75,22,28,-6,566,473,93,7,9
10,9,v1,76,22,30,-8,588,485,103,7,10
10,9,v1,77,22,30,-8,610,515,95,7,10
10,9,v1,78,22,30,-8,632,545,87,7,10
10,9,v1,79,22,30,-8,654,575,79,7,10
10,9,v1,80,22,30,-8,676,605,71,7,10
10,9,v1,81,22,30,-8,698,635,63,7,10
10,9,v1,82,22,30,-8,720,665,55,7,10
10,9,v1,83,22,30,-8,742,695,47,7,10
10,9,v1,84,22,30,-8,764,725,39,7,10
10,9,v1,85,22,30,-8,786,755,31,7,10
10,9,v1,86,22,30,-8,808,785,23,7,10
10,9,v1,87,22,30,-8,830,815,15,7,10
10,9,v1,88,22,31,-9,852,823,29,7,11
10,9,v1,89,22,31,-9,874,854,20,7,11
10,9,v1,90,22,36,-14,896,838,58,7,12
10,9,v1,91,22,36,-14,918,874,44,7,12
10,9,v1,92,22,36,-14,940,910,30,7,12
10,9,v1,93,22,36,-14,962,946,16,7,12
10,9,v1,94,22,36,-14,984,982,2,7,12
10,9,v1,95,22,38,-16,1006,995,11,7,13
10,9,v1,96,22,38,-16,1028,1033,-5,7,13
10,9,v1,97,22,38,-16,1050,1071,-21,7,13
10,9,v1,98,22,38,-16,1072,1109,-37,7,13
10,9,v1,99,22,39,-17,1094,1131,-37,7,14
10,9,v1,100,22,40,-18,1116,1146,-30,7,15
10,9,v1,101,22,40,-18,1138,1186,-48,7,15
10,9,v1,102,22,40,-18,1160,1226,-66,7,15
10,9,v1,103,22,40,-18,1182,1266,-84,7,15
10,9,v1,104,22,40,-18,1204,1306,-102,7,15
10,9,v1,105,22,40,-18,1226,1346,-120,7,15
10,9,v1,106,22,40,-18,1248,1386,-138,7,15
10,9,v1,107,22,40,-18,1270,1426,-156,7,15
10,9,v1,108,22,40,-18,1292,1466,-174,7,15
10,9,v1,109,22,40,-18,1314,1506,-192,7,15
10,9,v1,110,22,40,-18,1336,1546,-210,7,15
10,9,v1,111,22,40,-18,1358,1586,-228,7,15
10,9,v1,112,22,41,-19,1380,1604,-224,7,16
10,9,v1,113,22,41,-19,1402,1645,-243,7,16
10,9,v1,114,22,41,-19,1424,1686,-262,7,16
10,9,v1,115,22,41,-19,1446,1727,-281,7,16
10,9,v1,116,22,41,-19,1468,1768,-300,7,16
10,9,v1,117,22,41,-19,1490,1809,-319,7,16
10,9,v1,118,22,42,-20,1512,1826,-314,7,17
10,9,v1,119,22,42,-20,1534,1868,-334,7,17
10,9,v1,120,22,42,-20,1556,1910,-354,7,17
10,9,v1,121,22,42,-20,1578,1952,-374,7,17
10,9,v1,122,22,43,-21,1600,1972,-372,7,18
10,9,v1,123,22,43,-21,1622,2015,-393,7,18
10,9,v1,124,22,43,-21,1644,2058,-414,7,18
10,9,v1,125,22,48,-26,1666,2068,-402,7,19
10,9,v1,126,20,50,-30,1553,1981,-428,6,20
10,9,v1,127,20,50,-30,1573,2031,-458,6,20
10,9,v1,128,20,50,-30,1593,2081,-488,6,20
10,9,v1,129,20,50,-30,1613,2131,-518,6,20
10,9,v1,130,20,50,-30,1633,2181,-548,6,20
10,9,v1,131,20,50,-30,1653,2231,-578,6,20
10,9,v1,132,20,50,-30,1673,2281,-608,6,20
10,9,v1,133,22,48,-26,1678,2316,-638,7,19
10,9,v1,134,27,43,-16,1652,2316,-664,8,18
10,9,v1,135,27,43,-16,1679,2359,-680,8,18
10,9,v1,136,32,43,-11,1659,2402,-743,9,18
10,9,v1,137,35,40,-5,1591,2345,-754,9,18
10,9,v1,138,35,40,-5,1626,2385,-759,9,18
10,9,v1,139,35,41,-6,1661,2401,-740,9,19
10,9,v1,140,30,46,-16,1675,2421,-746,8,20
10,9,v1,141,32,44,-12,1368,2130,-762,8,20
10,9,v1,142,23,53,-30,1146,1920,-774,5,23
10,9,v1,143,23,53,-30,1169,1973,-804,5,23
10,9,v1,144,23,53,-30,1192,2026,-834,5,23
10,9,v1,145,23,53,-30,1215,2079,-864,5,23
10,9,v1,146,18,58,-40,1177,2071,-894,4,24
10,9,v1,147,13,63,-50,1164,2098,-934,3,25
10,9,v1,148,13,63,-50,1177,2161,-984,3,25
10,9,v1,149,13,63,-50,1190,2224,-1034,3,25
10,9,v1,150,13,63,-50,1203,2287,-1084,3,25
10,9,v1,151,13,63,-50,1216,2350,-1134,3,25
10,9,v1,152,20,56,-36,1126,2310,-1184,5,23
10,9,v1,153,20,56,-36,1146,2366,-1220,5,23
10,9,v1,154,20,56,-36,1166,2422,-1256,5,23
10,9,v1,155,22,54,-32,1166,2458,-1292,6,22
10,9,v1,156,22,54,-32,1188,2512,-1324,6,22
10,9,v1,157,22,54,-32,1210,2566,-1356,6,22
10,9,v1,158,22,54,-32,1232,2620,-1388,6,22
10,9,v1,159,25,51,-26,1198,2618,-1420,7,21
10,9,v1,160,25,51,-26,1223,2669,-1446,7,21
10,9,v1,161,25,51,-26,1188,2660,-1472,7,21
10,9,v1,162,30,46,-16,1082,2580,-1498,8,20
10,9,v1,163,30,46,-16,1112,2626,-1514,8,20
10,9,v1,164,30,46,-16,1142,2672,-1530,8,20
10,9,v1,165,28,48,-20,1129,2675,-1546,7,21
10,9,v1,166,23,53,-30,1086,2652,-1566,6,22
10,9,v1,167,18,58,-40,1083,2679,-1596,5,23
10,9,v1,168,18,58,-40,1101,2737,-1636,5,23
10,9,v1,169,15,61,-46,1088,2764,-1676,4,24
10,9,v1,170,13,63,-50,1101,2823,-1722,3,25
10,9,v1,171,13,63,-50,1114,2886,-1772,3,25
10,9,v1,172,13,63,-50,1127,2949,-1822,3,25
10,9,v1,173,18,58,-40,1075,2947,-1872,4,24
10,9,v1,174,25,51,-26,964,2876,-1912,6,22
10,9,v1,175,25,51,-26,989,2927,-1938,6,22
10,9,v1,176,20,56,-36,984,2948,-1964,5,23
10,9,v1,177,23,54,-31,912,2897,-1985,6,23
10,9,v1,178,25,52,-27,893,2909,-2016,7,22
10,9,v1,179,25,52,-27,918,2961,-2043,7,22
10,9,v1,180,25,52,-27,943,3013,-2070,7,22
10,9,v1,181,28,49,-21,910,3007,-2097,8,21
10,9,v1,182,21,57,-36,885,2999,-2114,6,24
10,9,v1,183,16,62,-46,711,2861,-2150,5,25
10,9,v1,184,16,62,-46,727,2923,-2196,5,25
10,9,v1,185,13,65,-52,740,2982,-2242,4,26
10,9,v1,186,11,67,-56,751,3045,-2294,3,27
10,9,v1,187,8,70,-62,759,3109,-2350,2,28
10,9,v1,188,15,63,-48,683,3095,-2412,4,26
10,9,v1,189,15,61,-46,698,3004,-2306,4,24
10,9,v1,190,17,59,-42,682,3034,-2352,5,23
10,9,v1,191,20,56,-36,614,3008,-2394,6,22
10,9,v1,192,20,56,-36,634,3064,-2430,6,22
10,9,v1,193,20,56,-36,632,3098,-2466,6,22
10,9,v1,194,18,58,-40,639,3141,-2502,5,23
10,9,v1,195,18,58,-40,657,3199,-2542,5,23
10,9,v1,196,23,53,-30,587,3169,-2582,6,22
10,9,v1,197,21,55,-34,473,3085,-2612,6,22
10,9,v1,198,20,56,-36,493,3139,-2646,5,23
10,9,v1,199,15,61,-46,307,2989,-2682,4,24
10,9,v1,200,15,61,-46,322,3050,-2728,4,24
10,9,v1,201,15,61,-46,331,3105,-2774,4,24
10,9,v1,202,10,66,-56,337,3157,-2820,2,26
10,9,v1,203,17,59,-42,296,3172,-2876,4,24
10,9,v1,204,17,59,-42,309,3227,-2918,4,24
10,9,v1,205,12,64,-52,303,3263,-2960,3,25
10,9,v1,206,12,64,-52,311,3323,-3012,3,25
10,9,v1,207,7,69,-62,267,3331,-3064,2,26
10,9,v1,208,5,71,-66,88,3214,-3126,2,26
10,9,v1,209,5,71,-66,93,3285,-3192,2,26
10,9,v1,210,5,71,-66,14,3272,-3258,2,26
10,9,v1,211,5,71,-66,19,3343,-3324,2,26
10,9,v1,212,5,71,-66,24,3414,-3390,2,26
10,9,v1,213,5,71,-66,29,3485,-3456,2,26
10,9,v1,214,5,71,-66,34,3556,-3522,2,26
10,9,v1,215,3,73,-70,22,3610,-3588,1,27
10,9,v1,216,0,76,-76,0,3658,-3658,0,28
